state_code,latitude,longitude,age_first_funding_year,age_last_funding_year,age_first_milestone_year,age_last_milestone_year,relationships,funding_rounds,funding_total_usd,milestones,is_CA,is_NY,is_MA,is_TX,is_otherstate,category_code,is_software,is_web,is_mobile,is_enterprise,is_advertising,is_gamesvideo,is_ecommerce,is_biotech,is_consulting,is_othercategory,has_VC,has_angel,has_roundA,has_roundB,has_roundC,has_roundD,avg_participants,is_top500,is_failed,funding_duration_years,funding_per_round_usd,funding_stages_count,investor_diversity_score,has_milestone,milestone_duration_years,relationships_per_year
CA,42.35888,-71.05682,2.2493,3.0027,4.6685,6.7041,3,3,375000,3,1,0,0,0,0,music,0,0,0,0,0,0,0,0,0,1,0,1,0,0,0,0,1.0,0,0,0.7534000000000001,125000.0,0,1,1,2.0356000000000005,0.9991
CA,37.238916,-121.973718,5.126,9.9973,7.0055,7.0055,9,4,40100000,1,1,0,0,0,0,enterprise,0,0,0,1,0,0,0,0,0,0,1,0,0,1,1,1,4.75,1,0,4.871299999999999,10025000.0,3,1,1,0.0,0.9002
CA,32.901049,-117.192656,1.0329,1.0329,1.4575,2.2055,5,1,2600000,2,1,0,0,0,0,web,0,1,0,0,0,0,0,0,0,0,0,0,1,0,0,0,4.0,1,0,0.0,2600000.0,1,0,1,0.7479999999999998,4.8407
CA,37.320309,-122.05004,3.1315,5.3151,6.0027,6.0027,5,3,40000000,1,1,0,0,0,0,software,1,0,0,0,0,0,0,0,0,0,0,0,0,1,1,1,3.3333,1,0,2.1836,13333333.333333334,3,0,1,0.0,0.9407
CA,37.779281,-122.419236,0.0,1.6685,0.0384,0.0384,2,2,1300000,1,1,0,0,0,0,games_video,0,0,0,0,0,1,0,0,0,0,1,1,0,0,0,0,1.0,1,1,1.6685,650000.0,0,2,1,0.0,1.1987
CA,37.406914,-122.09037,4.5452,4.5452,5.0027,5.0027,3,1,7500000,1,1,0,0,0,0,network_hosting,0,0,0,0,0,0,0,0,0,1,0,0,0,1,0,0,3.0,1,1,0.0,7500000.0,1,0,1,0.0,0.66
CA,37.3915589,-122.0702643,1.7205,5.211,3.0,6.6082,6,3,26000000,2,1,0,0,0,0,software,1,0,0,0,0,0,0,0,0,0,1,0,1,1,0,0,1.6667,1,0,3.4905000000000004,8666666.666666666,2,1,1,3.6082,1.1514
CA,38.057107,-122.513742,1.6466,6.7616,5.6055,7.3616,25,3,34100000,3,1,0,0,0,0,finance,0,0,0,0,0,0,0,0,0,1,0,0,1,1,0,1,3.5,1,0,5.114999999999999,11366666.666666666,3,0,1,1.7561,3.6973
MA,42.712207,-73.203599,3.5863,11.1123,8.0055,9.9945,13,3,9650000,4,0,0,1,0,0,mobile,0,0,1,0,0,0,0,0,0,0,1,0,1,0,0,1,4.0,1,0,7.526,3216666.6666666665,2,1,1,1.9890000000000008,1.1699
CA,37.427235,-122.145783,1.6712,4.6849,2.9178,6.1151,14,3,5750000,4,1,0,0,0,0,web,0,1,0,0,0,0,0,0,0,0,1,1,1,0,0,0,1.0,1,0,3.0137,1916666.6666666667,1,2,1,3.1973,2.9883
CA,37.4429885,-122.1624131,4.6274,9.4493,10.1342,10.6493,22,3,27500000,3,1,0,0,0,0,mobile,0,0,1,0,0,0,0,0,0,0,0,0,1,1,0,0,1.0,1,0,4.821899999999999,9166666.666666666,2,0,1,0.5151000000000003,2.3282
CA,37.452992,-122.185098,1.0849,5.3370000000000015,-0.6164,4.6082,8,5,10400000,2,1,0,0,0,0,web,0,1,0,0,0,0,0,0,0,0,1,1,1,0,0,0,1.75,1,1,4.252100000000001,2080000.0,1,2,1,5.2246,1.499
KY,38.241467,-85.72451099999998,4.9041,4.9041,0.0,0.0,0,1,350000,0,0,0,0,0,1,web,0,1,0,0,0,0,0,0,0,0,1,0,0,0,0,0,1.0,0,1,0.0,350000.0,0,1,0,0.0,0.0
NY,40.70276,-73.98666800000002,0.0192,2.4356,0.7945,4.3781,15,3,9950000,3,0,1,0,0,0,education,0,0,0,0,0,0,0,0,0,1,0,0,1,1,1,0,2.3333,1,0,2.4164,3316666.6666666665,3,0,1,3.5835999999999997,6.1586
CO,39.74627279999999,-104.9911572,4.6658,8.9973,8.8384,8.8384,12,5,10700000,1,0,0,0,0,1,software,1,0,0,0,0,0,0,0,0,0,0,0,1,1,0,0,2.5,1,0,4.331499999999999,2140000.0,2,0,1,0.0,1.3337
VA,38.901301,-77.265158,6.6082,6.6082,0.0,0.0,0,1,200000,0,0,0,0,0,1,public_relations,0,0,0,0,0,0,0,0,0,1,1,0,0,0,0,0,1.0,0,1,0.0,200000.0,0,1,0,0.0,0.0
CA,37.39628270000001,-122.105531,2.5863,6.7644,5.5014,5.5014,8,5,49000000,1,1,0,0,0,0,security,0,0,0,0,0,0,0,0,0,1,1,0,1,1,1,1,3.5,1,1,4.178100000000001,9800000.0,4,1,1,0.0,1.1827
CA,37.590339,-122.341715,4.5918,7.1726,-0.4986,12.6795,7,4,25000000,3,1,0,0,0,0,games_video,0,0,0,0,0,1,0,0,0,0,0,0,1,1,1,1,3.5,1,0,2.5808,6250000.0,4,0,1,13.1781,0.9759
NY,40.730646,-73.986614,0.7425,1.5808,1.2849,3.0027,10,3,4575000,3,0,1,0,0,0,web,0,1,0,0,0,0,0,0,0,0,0,1,1,0,0,0,5.0,1,0,0.8382999999999999,1525000.0,1,1,1,1.7178,6.3259
CA,37.446411,-122.16054,2.5014,2.8301,3.0877,3.4932,13,2,28000000,3,1,0,0,0,0,enterprise,0,0,0,1,0,0,0,0,0,0,0,0,1,1,0,0,1.0,1,1,0.3287,14000000.0,2,0,1,0.40549999999999997,4.5935
TX,30.2350399,-97.80012990000002,2.2137,3.7863,4.0877,9.4986,8,2,4355000,3,0,0,0,1,0,software,1,0,0,0,0,0,0,0,0,0,0,1,1,0,0,0,1.5,0,0,1.5726000000000004,2177500.0,1,1,1,5.4109,2.1129
WA,47.6026054,-122.2848651,3.8329,3.8329,3.7507,3.7507,3,1,15000000,1,0,0,0,0,1,other,0,0,0,0,0,0,0,0,0,1,0,0,0,1,0,0,2.0,1,1,0.0,15000000.0,1,0,1,0.0,0.7827
CA,37.426316,-122.141082,5.4904,5.4904,0.0,0.0,1,1,3170000,1,1,0,0,0,0,web,0,1,0,0,0,0,0,0,0,0,0,0,1,0,0,0,2.0,0,1,0.0,3170000.0,1,0,1,0.0,0.1821
CA,37.764395,-122.401024,-1.0,3.3151,3.6959,5.662999999999999,4,2,2300000,3,1,0,0,0,0,mobile,0,0,1,0,0,0,0,0,0,0,0,1,1,0,0,0,2.0,0,1,4.3151,1150000.0,1,1,1,1.9670999999999994,1.2066
CO,40.010492,-105.276843,0.2521,0.337,0.0,0.0,5,2,455000,0,0,0,0,0,1,public_relations,0,0,0,0,0,0,0,0,0,1,0,1,1,0,0,0,4.5,1,1,0.08490000000000003,227500.0,1,1,0,0.0,10.0
IL,41.875555,-87.624421,4.8411,4.8411,1.0,1.0,3,1,13000000,1,0,0,0,0,1,software,1,0,0,0,0,0,0,0,0,0,0,0,0,0,1,0,4.0,1,0,0.0,13000000.0,1,0,1,0.0,0.6197
CA,37.429676,-122.1085482,4.0603,4.0603,3.0027,3.0027,7,1,15000000,1,1,0,0,0,0,public_relations,0,0,0,0,0,0,0,0,0,1,0,0,0,0,1,0,4.0,1,0,0.0,15000000.0,1,0,1,0.0,1.724
CA,37.870102,-122.268136,4.0685,4.0685,3.4192,5.2301,2,1,3800000,3,1,0,0,0,0,photo_video,0,0,0,0,0,0,0,0,0,1,0,0,0,1,0,0,2.0,1,0,0.0,3800000.0,1,0,1,1.8109000000000002,0.4916
TX,30.2653441,-97.7435857,2.5068,4.5315,4.9315,5.6767,37,5,299500000,2,0,0,0,1,0,web,0,1,0,0,0,0,0,0,0,0,1,0,1,0,1,0,1.75,1,0,2.0247,59900000.0,2,1,1,0.7452000000000005,8.1651
CA,33.708708,-117.852069,1.189,1.189,2.189,7.7753,5,1,1000000,3,1,0,0,0,0,hardware,0,0,0,0,0,0,0,0,0,1,1,0,0,0,0,0,2.0,1,0,0.0,1000000.0,0,1,1,5.5863,4.2052
CA,37.422859,-122.045217,1.3534,2.1644,4.5178,4.5178,3,2,10500000,1,1,0,0,0,0,other,0,0,0,0,0,0,0,0,0,1,0,0,1,1,0,0,2.0,1,1,0.8110000000000002,5250000.0,2,0,1,0.0,1.3861
WA,47.603832,-122.330062,4.1534,5.1671,3.0,3.0,6,2,8600000,1,0,0,0,0,1,public_relations,0,0,0,0,0,0,0,0,0,1,1,0,0,1,0,0,1.5,1,0,1.0136999999999992,4300000.0,1,1,1,0.0,1.1612
NC,36.002893,-78.904075,-0.1671,2.0192,0.0,0.0,9,2,5000000,0,0,0,0,0,1,software,1,0,0,0,0,0,0,0,0,0,0,0,1,1,0,0,2.5,1,1,2.1863,2500000.0,2,0,0,0.0,4.4572
CA,37.779281,-122.419236,0.0,0.8685,0.4137,2.1671,3,2,2304999,2,1,0,0,0,0,mobile,0,0,1,0,0,0,0,0,0,0,1,0,0,0,0,0,5.0,1,0,0.8685,1152499.5,0,1,1,1.7534,3.4542
PA,40.441694,-79.990086,0.0822,0.0822,0.0,0.0,2,1,25000,0,0,0,0,0,1,security,0,0,0,0,0,0,0,0,0,1,0,1,0,0,0,0,1.0,0,1,0.0,25000.0,0,1,0,0.0,4.0
NY,40.73901,-73.997259,2.6575,2.6575,0.0,0.0,1,1,4000000,1,0,1,0,0,0,software,1,0,0,0,0,0,0,0,0,0,0,0,0,1,0,0,1.0,1,1,0.0,4000000.0,1,0,1,0.0,0.3763
CA,37.791137,-122.391843,0.6192,1.5945,1.0,4.3315,8,2,14600000,3,1,0,0,0,0,software,1,0,0,0,0,0,0,0,0,0,0,0,1,1,0,0,2.0,1,1,0.9753000000000001,7300000.0,2,0,1,3.3315,5.0172
CA,37.404788,-121.940842,1.063,5.7014,0.0,0.0,0,3,44000000,0,1,0,0,0,0,hardware,0,0,0,0,0,0,0,0,0,1,0,0,0,1,1,0,4.5,1,1,4.6384,14666666.666666666,2,0,0,0.0,0.0
CA,37.7795014,-122.3948712,0.1671,2.6493,0.6082,4.7507,10,3,1822922,3,1,0,0,0,0,ecommerce,0,0,0,0,0,0,1,0,0,0,0,1,1,0,0,0,2.3333,1,0,2.4822,607640.6666666666,1,1,1,4.1425,3.7746
NY,40.755446,-73.980246,0.0,5.9041,3.8411,7.1370000000000005,18,7,29915001,5,0,1,0,0,0,advertising,0,0,0,0,1,0,0,0,0,0,1,1,1,1,1,0,2.75,1,0,5.9041,4273571.571428572,3,2,1,3.2959000000000005,3.0487
GA,33.756806,-84.392198,0.0,4.8027,3.7205,7.6164,26,4,33000000,5,0,0,0,0,1,enterprise,0,0,0,1,0,0,0,0,0,0,0,0,1,1,1,0,3.0,1,0,4.8027,8250000.0,3,0,1,3.8958999999999997,5.4136
NH,42.99564,-71.454789,0.0,0.5836,0.5836,0.5945,9,2,125000,2,0,0,0,0,1,mobile,0,0,1,0,0,0,0,0,0,0,0,1,0,0,0,0,1.0,0,0,0.5836,62500.0,0,1,1,0.01090000000000002,15.4215
CA,40.01573320000001,-105.275027,0.1041,2.3863,2.3315,2.7918,7,2,4000000,2,1,0,0,0,0,travel,0,0,0,0,0,0,0,0,0,1,1,0,1,0,0,0,1.0,1,1,2.2822,2000000.0,1,1,1,0.4602999999999997,2.9334
WA,47.63609,-122.327028,3.4904,3.4904,5.6603,8.3425,10,1,10000000,3,0,0,0,0,1,enterprise,0,0,0,1,0,0,0,0,0,0,0,0,0,0,1,0,2.0,1,0,0.0,10000000.0,1,0,1,2.682199999999999,2.865
CA,37.4049731,-122.0323525,4.6658,4.6658,8.7425,10.2247,25,1,6000000,4,1,0,0,0,0,advertising,0,0,0,0,1,0,0,0,0,0,0,0,0,0,1,0,3.0,1,0,0.0,6000000.0,1,0,1,1.4822000000000006,5.3581
CA,37.36883,-122.03635,2.6247,2.6247,0.0,0.0,4,1,25000000,0,1,0,0,0,0,software,1,0,0,0,0,0,0,0,0,0,0,0,0,1,0,0,5.0,1,0,0.0,25000000.0,1,0,0,0.0,1.524
NY,40.730646,-73.986614,0.926,2.9534,0.8329,2.7425,2,3,3750000,3,0,1,0,0,0,fashion,0,0,0,0,0,0,0,0,0,1,0,1,1,0,0,0,2.0,1,0,2.0273999999999996,1250000.0,1,1,1,1.9096000000000002,0.6772
MA,42.3751,-71.105616,0.2466,0.2466,1.1178,1.663,9,1,3000000,2,0,0,1,0,0,software,1,0,0,0,0,0,0,0,0,0,0,0,1,0,0,0,1.0,1,0,0.0,3000000.0,1,0,1,0.5452000000000001,18.0
CA,37.779281,-122.419236,0.189,1.189,1.3562,1.6575,6,2,1155000,2,1,0,0,0,0,software,1,0,0,0,0,0,0,0,0,0,0,1,0,0,0,0,9.5,1,0,1.0,577500.0,0,1,1,0.3012999999999999,5.0463
CA,37.560781,-122.284114,3.2082,3.2082,5.2548,7.8822,11,1,10000000,2,1,0,0,0,0,software,1,0,0,0,0,0,0,0,0,0,0,0,0,0,0,1,2.0,1,0,0.0,10000000.0,1,0,1,2.6273999999999997,3.4287
CA,37.658313,-122.391032,2.5836,2.5836,2.0,2.0,5,1,3000000,1,1,0,0,0,0,web,0,1,0,0,0,0,0,0,0,0,0,0,1,0,0,0,1.0,1,0,0.0,3000000.0,1,0,1,0.0,1.9353
MA,42.360253,-71.058291,1.8932,2.4466,2.0,3.2767,4,2,11500000,3,0,0,1,0,0,mobile,0,0,1,0,0,0,0,0,0,0,0,0,0,0,0,0,1.0,1,0,0.5534000000000001,5750000.0,0,0,1,1.2767,1.6349
TX,30.321464,-97.75501,0.7479,0.7479,4.0493,8.3233,12,1,5000000,5,0,0,0,1,0,web,0,1,0,0,0,0,0,0,0,0,0,0,1,0,0,0,3.0,1,0,0.0,5000000.0,1,0,1,4.274,16.0449
MA,42.37564,-71.2358,5.1863,6.8137,7.3342,7.3342,9,2,29000000,1,0,0,1,0,0,public_relations,0,0,0,0,0,0,0,0,0,1,1,0,0,0,0,1,5.0,1,0,1.6273999999999997,14500000.0,1,1,1,0.0,1.3209
CA,37.7870842,-122.4038047,0.6712,6.2329,4.0493,7.5973,37,6,34700000,4,1,0,0,0,0,enterprise,0,0,0,1,0,0,0,0,0,0,1,1,1,1,1,1,5.0,1,0,5.5617,5783333.333333333,4,2,1,3.548,5.9362
CA,37.441537,-122.158332,1.1863,3.4986,0.0,0.0,0,2,12050000,0,1,0,0,0,0,software,1,0,0,0,0,0,0,0,0,0,1,0,1,0,0,0,2.0,1,1,2.3123000000000005,6025000.0,1,1,0,0.0,0.0
CA,37.445586,-122.161929,2.1644,4.7616,4.0027,6.7534,13,3,12000000,2,1,0,0,0,0,analytics,0,0,0,0,0,0,0,0,0,1,1,0,1,1,0,0,2.0,1,0,2.5971999999999995,4000000.0,2,1,1,2.7507,2.7302
CA,33.5842816,-117.7306817,4.1041,4.1041,1.9151,1.9151,18,1,5500000,1,1,0,0,0,0,consulting,0,0,0,0,0,0,0,0,1,0,0,0,0,0,1,0,2.0,1,0,0.0,5500000.0,1,0,1,0.0,4.3859
CA,37.402773,-122.052551,1.989,4.1534,2.8986,5.2575,10,3,24000000,4,1,0,0,0,0,software,1,0,0,0,0,0,0,0,0,0,0,0,1,1,0,0,3.3333,1,0,2.1644000000000005,8000000.0,2,0,1,2.3589,2.4077
MO,39.103151,-94.581908,5.2027,6.189,7.5068,12.8932,6,2,10000000,2,0,0,0,0,1,mobile,0,0,1,0,0,0,0,0,0,0,0,0,1,1,0,0,4.5,1,0,0.9863,5000000.0,2,0,1,5.3864,0.9695
MA,42.546483,-71.17366700000002,2.7836,10.9507,-1.9151,-1.9151,10,3,19009671,1,0,0,1,0,0,biotech,0,0,0,0,0,0,0,1,0,0,0,0,0,1,0,0,2.0,1,1,8.1671,6336557.0,1,0,1,0.0,0.9132
CA,37.805289,-122.404448,3.4986,3.4986,3.0,3.0,6,1,5000000,1,1,0,0,0,0,cleantech,0,0,0,0,0,0,0,0,0,1,0,0,1,0,0,0,1.0,1,1,0.0,5000000.0,1,0,1,0.0,1.715
WA,47.675489,-122.191667,4.0466,9.3041,6.0027,6.0027,2,5,18914576,1,0,0,0,0,1,enterprise,0,0,0,1,0,0,0,0,0,0,1,0,0,0,1,0,3.0,1,0,5.2575,3782915.2,1,1,1,0.0,0.215
FL,27.951849,-82.456397,6.3726,6.3726,0.0,0.0,0,1,4000000,0,0,0,0,0,1,software,1,0,0,0,0,0,0,0,0,0,1,0,0,0,0,0,3.0,0,1,0.0,4000000.0,0,1,0,0.0,0.0
MA,42.360253,-71.058291,1.3259999999999998,2.7836,1.6740000000000002,3.1342,5,3,2030882,2,0,0,1,0,0,software,1,0,0,0,0,0,0,0,0,0,0,0,1,0,0,0,3.0,1,0,1.4576,676960.6666666666,1,0,1,1.4601999999999997,1.7962
CA,37.7831775,-122.3086191,2.6438,2.6438,0.0,7.3918,4,1,5000000,2,1,0,0,0,0,cleantech,0,0,0,0,0,0,0,0,0,1,0,0,0,1,0,0,1.0,1,0,0.0,5000000.0,1,0,1,7.3918,1.513
WA,47.765758,-122.184304,1.0877,1.0877,0.0,0.0,5,1,20500000,0,0,0,0,0,1,software,1,0,0,0,0,0,0,0,0,0,1,0,0,0,0,0,4.0,1,1,0.0,20500000.0,0,1,0,0.0,4.5969
CO,40.730646,-73.986614,3.9616,6.5205,4.5781,7.6877,4,2,13250000,4,0,0,0,0,1,advertising,0,0,0,0,1,0,0,0,0,0,1,0,0,0,0,0,2.0,0,0,2.5589000000000004,6625000.0,0,1,1,3.1096000000000004,0.6134
CA,37.54763,-122.307887,7.2548,7.2548,7.0055,7.0055,7,1,12000000,1,1,0,0,0,0,security,0,0,0,0,0,0,0,0,0,1,0,0,0,0,0,0,2.0,1,0,0.0,12000000.0,0,0,1,0.0,0.9649
CA,37.790485,-122.40094,1.3342,3.0247,3.0219,3.337,9,3,11489687,2,1,0,0,0,0,advertising,0,0,0,0,1,0,0,0,0,0,0,1,1,1,0,0,3.3333,1,0,1.6905000000000001,3829895.6666666665,2,1,1,0.31510000000000016,2.9755
CA,37.7870923,-122.3999719,0.6795,0.6795,2.9178,4.2274,15,1,4000000,3,1,0,0,0,0,web,0,1,0,0,0,0,0,0,0,0,0,0,1,0,0,0,3.0,1,0,0.0,4000000.0,1,0,1,1.3096,22.0751
CA,37.3492097,-122.0326019,-0.0301,-0.0301,0.1369999999999999,0.1369999999999999,3,1,355000,1,1,0,0,0,0,software,1,0,0,0,0,0,0,0,0,0,0,1,0,0,0,0,1.0,0,0,0.0,355000.0,0,1,1,0.0,6.0
FL,28.098905,-82.400087,0.0,0.2466,2.4164,5.3151,10,2,118000,3,0,0,0,0,1,web,0,1,0,0,0,0,0,0,0,0,0,1,0,0,0,0,1.5,1,0,0.2466,59000.0,0,1,1,2.8987000000000003,20.0
CA,37.779026,-122.40184,1.6685,9.337,7.3808,10.474,17,4,40400000,3,1,0,0,0,0,advertising,0,0,0,0,1,0,0,0,0,0,0,0,1,1,1,1,1.6667,1,0,7.6685,10100000.0,4,0,1,3.0932000000000004,1.8207
TX,32.9583632,-96.8215658,1.8055,1.8055,0.0,0.0,1,1,3000000,0,0,0,0,1,0,software,1,0,0,0,0,0,0,0,0,0,0,0,1,0,0,0,1.0,1,1,0.0,3000000.0,1,0,0,0.0,0.5539
CA,37.54827,-121.988572,2.6986,4.0027,1.0,1.0,2,2,19700000,1,1,0,0,0,0,software,1,0,0,0,0,0,0,0,0,0,1,0,0,1,0,0,4.0,1,1,1.3041,9850000.0,1,1,1,0.0,0.4997
CA,37.354469,-121.990433,9.1671,9.1973,0.0,0.0,0,2,17800000,0,1,0,0,0,0,software,1,0,0,0,0,0,0,0,0,0,1,0,0,0,0,0,1.0,1,1,0.03020000000000067,8900000.0,0,1,0,0.0,0.0
CA,37.779281,-122.419236,0.011,2.0986,3.0904,3.7836,12,3,57500000,3,1,0,0,0,0,photo_video,0,0,0,0,0,0,0,0,0,1,0,1,1,1,0,0,4.0,1,0,2.0875999999999997,19166666.666666668,2,1,1,0.6932,5.7181
NY,40.606061,-73.822331,0.6658,3.0384,2.0,5.0548,10,3,17200000,5,0,1,0,0,0,games_video,0,0,0,0,0,1,0,0,0,0,0,0,1,1,1,0,2.6667,1,0,2.3726000000000003,5733333.333333333,3,0,1,3.0548,3.2912
MA,42.3751,-71.105616,-0.5836,1.3425,0.0,1.5479,4,7,457282,2,0,0,1,0,0,mobile,0,0,1,0,0,0,0,0,0,0,1,1,0,0,0,0,1.0,1,1,1.9261,65326.0,0,2,1,1.5479,2.9795
CA,37.779281,-122.419236,-0.0219,2.0329,2.3151,3.1644,11,4,18500000,3,1,0,0,0,0,mobile,0,0,1,0,0,0,0,0,0,0,0,1,1,1,0,0,2.25,1,0,2.0548,4625000.0,2,1,1,0.8492999999999999,5.411
NJ,40.349274,-74.659296,2.0466,2.0466,0.0,0.0,2,1,12000000,0,0,0,0,0,1,cleantech,0,0,0,0,0,0,0,0,0,1,0,0,1,0,0,0,6.0,1,1,0.0,12000000.0,1,0,0,0.0,0.9772
CO,40.397761,-105.07498,3.5123,3.9562,3.9534,4.8356,5,2,510000000,3,0,0,0,0,1,cleantech,0,0,0,0,0,0,0,0,0,1,1,0,0,0,0,0,2.5,1,1,0.44389999999999974,255000000.0,0,1,1,0.8822000000000005,1.2638
CA,37.420428,-122.090769,3.9342,4.6822,4.0027,4.0027,3,2,18250000,1,1,0,0,0,0,search,0,0,0,0,0,0,0,0,0,1,0,0,1,1,0,0,2.5,1,0,0.7479999999999998,9125000.0,2,0,1,0.0,0.6407
NY,40.725435,-73.997395,2.1616,5.6384,3.8329,7.6932,13,4,41500019,5,0,1,0,0,0,music,0,0,0,0,0,0,0,0,0,1,0,0,0,0,1,0,4.0,1,0,3.4768,10375004.75,1,0,1,3.8603,2.3056
WV,39.388156,-77.885552,5.4411,5.4411,0.0,0.0,1,1,1000000,0,0,0,0,0,1,software,1,0,0,0,0,0,0,0,0,0,0,0,1,0,0,0,3.0,0,1,0.0,1000000.0,1,0,0,0.0,0.1838
CA,34.043948,-118.468204,1.1288,1.1288,1.0,2.6767,7,1,5000000,2,1,0,0,0,0,web,0,1,0,0,0,0,0,0,0,0,0,0,1,0,0,0,1.0,1,0,0.0,5000000.0,1,0,1,1.6766999999999999,6.2013
MI,42.350749,-83.44458900000002,7.8877,10.6658,0.4137,0.4137,2,3,42700000,1,0,0,0,0,1,cleantech,0,0,0,0,0,0,0,0,0,1,1,0,0,1,0,0,3.6667,1,1,2.778100000000001,14233333.333333334,1,1,1,0.0,0.1875
CA,37.388869,-122.072353,0.8822,0.8822,0.0,0.0,7,1,12000000,0,1,0,0,0,0,ecommerce,0,0,0,0,0,0,1,0,0,0,1,0,0,0,0,0,9.0,1,1,0.0,12000000.0,0,1,0,0.0,7.9347
WA,47.614018,-122.19655,2.526,3.1041,3.0027,9.126,5,2,22300000,2,0,0,0,0,1,software,1,0,0,0,0,0,0,0,0,0,0,0,0,1,1,0,4.5,1,0,0.5781000000000001,11150000.0,2,0,1,6.1232999999999995,1.6108
CA,37.406217,-121.976473,4.0027,7.8712,0.1616,0.1616,5,2,10000000,1,1,0,0,0,0,semiconductor,0,0,0,0,0,0,0,0,0,1,1,0,0,1,0,0,4.0,1,0,3.8685,5000000.0,1,1,1,0.0,0.6352
DC,37.09024,-95.712891,1.1671,4.6658,0.0,0.0,1,3,15564591,0,0,0,0,0,1,advertising,0,0,0,0,1,0,0,0,0,0,1,0,0,1,1,0,3.5,1,1,3.4987,5188197.0,2,1,0,0.0,0.2143
CA,37.779281,-122.419236,2.5726,2.5726,2.4795,4.6685,7,1,500000,2,1,0,0,0,0,web,0,1,0,0,0,0,0,0,0,0,0,1,0,0,0,0,5.0,1,0,0.0,500000.0,0,1,1,2.189,2.721
CA,37.779281,-122.419236,0.1151,1.3397,1.8329,2.6712,24,2,8950000,2,1,0,0,0,0,analytics,0,0,0,0,0,0,0,0,0,1,0,0,1,0,0,0,7.0,1,0,1.2246,4475000.0,1,0,1,0.8382999999999998,17.9145
NY,40.753881,-73.978852,1.7479,4.8192,4.0027,4.8192,8,4,55350000,2,0,1,0,0,0,finance,0,0,0,0,0,0,0,0,0,1,0,0,1,1,1,1,4.0,1,0,3.0713000000000004,13837500.0,4,0,1,0.8165000000000004,1.66
CA,37.406914,-122.09037,3.7233,3.7233,0.0,0.0,1,1,4000000,0,1,0,0,0,0,public_relations,0,0,0,0,0,0,0,0,0,1,0,0,0,1,0,0,3.0,1,1,0.0,4000000.0,1,0,0,0.0,0.2686
IL,41.878984,-87.637,1.6986,6.5151,3.2849,4.9315,3,5,10764323,3,0,0,0,0,1,software,1,0,0,0,0,0,0,0,0,0,1,0,1,0,0,0,2.0,1,0,4.8165000000000004,2152864.6,1,1,1,1.6465999999999998,0.4605
NJ,40.535316,-74.521435,1.4082,1.4082,0.0,0.0,1,1,5500000,1,0,0,0,0,1,software,1,0,0,0,0,0,0,0,0,0,1,0,0,0,0,0,3.0,1,1,0.0,5500000.0,0,1,1,0.0,0.7101
CA,37.779281,-122.419236,4.2849,4.2849,2.4164,5.5151,7,1,400000,2,1,0,0,0,0,social,0,0,0,0,0,0,0,0,0,1,0,1,0,0,0,0,3.0,1,0,0.0,400000.0,0,1,1,3.0987000000000005,1.6336
CA,37.863464,-122.3153453,0.7507,3.0137,0.0,0.0,3,3,54000000,0,1,0,0,0,0,cleantech,0,0,0,0,0,0,0,0,0,1,1,0,0,0,1,0,2.6667,1,1,2.263,18000000.0,1,1,0,0.0,0.9955
GA,34.070958000000005,-84.274733,20.8055,20.8055,0.0,0.0,2,1,32000000,0,0,0,0,0,1,software,1,0,0,0,0,0,0,0,0,0,0,0,0,1,0,0,7.0,1,1,0.0,32000000.0,1,0,0,0.0,0.0961
WA,39.78373,-100.445882,5.789,5.789,0.0,0.0,1,1,13000000,0,0,0,0,0,1,software,1,0,0,0,0,0,0,0,0,0,0,0,0,0,0,1,4.0,1,0,0.0,13000000.0,1,0,0,0.0,0.1727
WA,47.614422,-122.192337,0.0849,1.2712,0.0,0.0,5,3,12500000,0,0,0,0,0,1,software,1,0,0,0,0,0,0,0,0,0,1,0,1,1,0,0,2.3333,1,0,1.1863000000000001,4166666.6666666665,2,1,0,0.0,3.9333
CA,37.314002,-121.932365,2.3507,8.2822,1.0027,8.2849,16,4,38064570,2,1,0,0,0,0,security,0,0,0,0,0,0,0,0,0,1,1,0,0,1,1,1,3.0,1,0,5.9315,9516142.5,3,1,1,7.2822000000000005,1.9319
CA,37.748676,-122.415813,-0.4959,1.2548,2.1726,4.6,21,2,6000000,2,1,0,0,0,0,web,0,1,0,0,0,0,0,0,0,0,0,1,1,0,0,0,4.0,1,0,1.7507,3000000.0,1,1,1,2.4273999999999996,16.7357
VA,38.030823,-78.48158000000002,2.4658,4.8329,0.5863,5.6164,4,2,5000000,6,0,0,0,0,1,web,0,1,0,0,0,0,0,0,0,0,0,0,1,1,0,0,1.0,0,1,2.3671,2500000.0,2,0,1,5.030099999999999,0.8277
VA,39.035298,-77.430125,0.0,7.1068,6.0055,10.9041,9,3,59000000,3,0,0,0,0,1,software,1,0,0,0,0,0,0,0,0,0,1,0,0,0,1,0,2.0,1,0,7.1068,19666666.666666668,1,1,1,4.8986,1.2664
IL,39.78373,-100.445882,1.0356,1.0356,0.0,1.0356,2,1,1000000,2,0,0,0,0,1,web,0,1,0,0,0,0,0,0,0,0,0,1,0,0,0,0,1.0,0,1,0.0,1000000.0,0,1,1,1.0356,1.9312
CA,37.758062,-122.418642,2.7233,2.7233,0.9151,6.3096,5,1,600000,3,1,0,0,0,0,web,0,1,0,0,0,0,0,0,0,0,0,1,0,0,0,0,7.0,1,0,0.0,600000.0,0,1,1,5.3945,1.836
CT,41.85361500000001,-72.70375,2.8356,3.1397,3.3781,3.7753,0,2,125000000,2,0,0,0,0,1,mobile,0,0,1,0,0,0,0,0,0,0,0,0,1,1,0,0,2.0,1,1,0.30410000000000004,62500000.0,2,0,1,0.3972000000000002,0.0
CA,34.01052,-118.495981,0.7945,2.9014,3.0493,6.5233,11,2,2750000,3,1,0,0,0,0,web,0,1,0,0,0,0,0,0,0,0,0,1,1,0,0,0,4.0,1,0,2.1069000000000004,1375000.0,1,1,1,3.4739999999999998,3.7913
CA,37.3821368,-121.970505,2.9178,4.7342,0.0,0.0,1,2,30000000,0,1,0,0,0,0,network_hosting,0,0,0,0,0,0,0,0,0,1,0,0,1,1,0,0,2.5,1,0,1.8164000000000002,15000000.0,2,0,0,0.0,0.2112
CA,37.433646,-121.886704,4.0137,4.0137,0.0,0.0,0,1,7000000,0,1,0,0,0,0,semiconductor,0,0,0,0,0,0,0,0,0,1,0,0,0,0,1,0,1.0,0,1,0.0,7000000.0,1,0,0,0.0,0.0
CA,37.45604,-122.165399,0.411,0.411,0.0,2.5342,10,1,6100000,2,1,0,0,0,0,search,0,0,0,0,0,0,0,0,0,1,0,0,0,1,0,0,4.0,1,0,0.0,6100000.0,1,0,1,2.5342,20.0
CA,32.721834,-117.161797,0.5315,1.9205,2.2548,2.9781,12,3,2100000,2,1,0,0,0,0,enterprise,0,0,0,1,0,0,0,0,0,0,1,1,0,0,0,0,4.0,1,1,1.3890000000000002,700000.0,0,2,1,0.7233,6.2484
CA,37.779281,-122.419236,0.1452,0.5014,0.4959,3.011,10,2,2565000,3,1,0,0,0,0,mobile,0,0,1,0,0,0,0,0,0,0,0,1,1,0,0,0,3.5,1,0,0.35619999999999996,1282500.0,1,1,1,2.5151000000000003,19.9442
CA,37.584103000000006,-122.366082,10.7589,10.7589,0.0,0.0,0,1,2000000,0,1,0,0,0,0,biotech,0,0,0,0,0,0,0,1,0,0,0,0,0,0,0,0,1.0,0,1,0.0,2000000.0,0,0,0,0.0,0.0
NC,35.76524000000001,-78.731161,2.5671,5.6904,2.0027,2.0027,3,3,22400000,1,0,0,0,0,1,network_hosting,0,0,0,0,0,0,0,0,0,1,1,0,0,1,1,0,3.6667,1,0,3.1233000000000004,7466666.666666667,2,1,1,0.0,0.5272
NY,40.740441,-73.993376,1.0822,1.0822,6.0027,6.0027,12,1,6250000,1,0,1,0,0,0,ecommerce,0,0,0,0,0,0,1,0,0,0,0,0,1,0,0,0,1.0,0,0,0.0,6250000.0,1,0,1,0.0,11.0885
NY,40.750519,-73.993494,1.7479,1.7479,1.0,2.1096,4,1,575000,2,0,1,0,0,0,web,0,1,0,0,0,0,0,0,0,0,0,1,0,0,0,0,6.0,0,0,0.0,575000.0,0,1,1,1.1096,2.2885
MA,42.387597,-71.099497,0.0,0.5808,0.0,0.0,1,2,53000,1,0,0,1,0,0,web,0,1,0,0,0,0,0,0,0,0,0,1,0,0,0,0,1.0,1,1,0.5808,26500.0,0,1,1,0.0,1.7218
CA,37.522281,-122.258139,0.9151,2.7753,3.0027,3.6466,6,2,9500000,2,1,0,0,0,0,ecommerce,0,0,0,0,0,0,1,0,0,0,0,0,1,1,0,0,2.5,1,0,1.8602,4750000.0,2,0,1,0.6438999999999999,2.1619
TX,40.694599,-73.990638,-0.7479,0.8192,-1.7507,0.2521,7,2,3500000,2,0,0,0,1,0,enterprise,0,0,0,1,0,0,0,0,0,0,0,1,1,0,0,0,1.0,1,1,1.5671,1750000.0,1,1,1,2.0027999999999997,8.5449
NY,40.729839,-73.991781,0.7726,1.4959,-0.5863,3.7534,14,3,10500000,3,0,1,0,0,0,photo_video,0,0,0,0,0,0,0,0,0,1,1,0,1,0,0,0,6.3333,1,0,0.7233,3500000.0,1,1,1,4.339700000000001,9.3589
CA,37.54827,-121.988572,0.7562,4.4137,2.7836,4.0027,14,4,34250000,2,1,0,0,0,0,cleantech,0,0,0,0,0,0,0,0,0,1,1,0,1,1,1,0,2.25,1,0,3.6575000000000006,8562500.0,3,1,1,1.2191,3.1719
MA,42.37564,-71.2358,0.6795,4.5507,0.0,0.0,2,5,85381111,0,0,0,1,0,0,biotech,0,0,0,0,0,0,0,1,0,0,0,0,1,1,1,0,4.6667,1,0,3.8712,17076222.2,3,0,0,0.0,0.4395
MD,39.436844,-76.61870400000002,6.1671,7.9205,8.0055,11.2548,6,3,100000000,3,0,0,0,0,1,web,0,1,0,0,0,0,0,0,0,0,1,0,1,0,0,0,2.5,1,0,1.7534,33333333.333333332,1,1,1,3.2493,0.7575
PA,40.441694,-79.990086,-1.011,1.4877,0.4055,1.3205,3,2,125000,2,0,0,0,0,1,advertising,0,0,0,0,1,0,0,0,0,0,1,1,0,0,0,0,1.0,1,1,2.4987,62500.0,0,2,1,0.915,2.0165
VA,38.958402,-77.357974,2.3178,4.2356,-0.3342,-0.3342,2,2,10600000,1,0,0,0,0,1,mobile,0,0,1,0,0,0,0,0,0,0,1,0,0,1,0,0,3.0,1,1,1.9177999999999997,5300000.0,1,1,1,0.0,0.4722
CA,37.554214,-121.977451,2.4192,5.4384,2.0027,2.0027,2,3,26100000,1,1,0,0,0,0,semiconductor,0,0,0,0,0,0,0,0,0,1,1,0,0,1,0,0,3.5,1,0,3.0191999999999997,8700000.0,1,1,1,0.0,0.3678
NY,40.762674,-73.9821315,7.5315,7.5315,10.7342,10.7342,2,1,30000000,1,0,1,0,0,0,web,0,1,0,0,0,0,0,0,0,0,1,0,0,0,0,0,5.0,1,0,0.0,30000000.0,0,1,1,0.0,0.2656
IL,41.875555,-87.624421,1.0575,1.7699,1.0301,1.1123,6,3,132885,2,0,0,0,0,1,games_video,0,0,0,0,0,1,0,0,0,0,0,1,0,0,0,0,1.0,1,1,0.7123999999999999,44295.0,0,1,1,0.08220000000000005,3.39
CA,37.55911,-122.303493,0.6,4.2247,-0.7479,4.4767,9,3,9500000,2,1,0,0,0,0,software,1,0,0,0,0,0,0,0,0,0,0,0,1,1,1,0,2.0,1,0,3.6247000000000003,3166666.6666666665,3,0,1,5.224600000000001,2.1303
CA,37.440682,-122.123103,6.1233,6.1233,6.0055,6.0055,9,1,18000000,1,1,0,0,0,0,network_hosting,0,0,0,0,0,0,0,0,0,1,1,0,0,0,0,0,7.0,1,0,0.0,18000000.0,0,1,1,0.0,1.4698
OH,39.099909,-84.504243,1.8329,1.8329,1.7479,1.7479,4,1,690000,1,0,0,0,0,1,web,0,1,0,0,0,0,0,0,0,0,0,1,0,0,0,0,3.0,1,1,0.0,690000.0,0,1,1,0.0,2.1823
GA,33.749099,-84.390185,5.1644,6.0055,0.0,0.0,1,3,25131611,0,0,0,0,0,1,mobile,0,0,1,0,0,0,0,0,0,0,1,0,0,1,0,0,1.0,1,0,0.8411,8377203.666666667,1,1,0,0.0,0.1665
CA,37.404788,-121.940842,3.5288,3.5288,0.0,0.0,1,1,2000000,0,1,0,0,0,0,hardware,0,0,0,0,0,0,0,0,0,1,0,0,0,0,0,0,1.0,1,1,0.0,2000000.0,0,0,0,0.0,0.2834
MA,42.3634664,-71.07866379999999,1.5836,6.6466,5.0055,7.0877,4,3,78750000,2,0,0,1,0,0,biotech,0,0,0,0,0,0,0,1,0,0,0,0,1,1,0,0,3.5,1,0,5.063000000000001,26250000.0,2,0,1,2.0822000000000003,0.6018
CA,37.551441,-122.291435,0.2521,4.4055,3.3151,6.7918,27,5,48500000,3,1,0,0,0,0,advertising,0,0,0,0,1,0,0,0,0,0,1,1,1,1,1,0,2.5,1,0,4.1533999999999995,9700000.0,3,2,1,3.4767,6.1287
CA,37.77951820000001,-122.3902619,0.5726,0.5726,5.1671,8.0082,12,1,15000000,2,1,0,0,0,0,network_hosting,0,0,0,0,0,0,0,0,0,1,0,0,1,0,0,0,3.0,0,1,0.0,15000000.0,1,0,1,2.841100000000001,20.957
CA,37.31665260000001,-122.05074,0.9397,5.3178,0.0,0.0,13,5,74000000,0,1,0,0,0,0,analytics,0,0,0,0,0,0,0,0,0,1,1,0,0,1,1,0,5.3333,1,0,4.3781,14800000.0,2,1,0,0.0,2.4446
CA,37.783171,-122.392901,0.7479,2.3315,2.0,2.0,6,2,15000000,1,1,0,0,0,0,software,1,0,0,0,0,0,0,0,0,0,0,0,1,1,0,0,3.0,1,0,1.5836000000000001,7500000.0,2,0,1,0.0,2.5735
NY,37.09024,-95.712891,2.0027,3.9178,3.0027,5.2192,8,3,45000000,3,0,1,0,0,0,games_video,0,0,0,0,0,1,0,0,0,0,0,0,1,0,0,0,1.0,0,1,1.9151000000000002,15000000.0,1,0,1,2.2165,2.042
CA,37.400367,-121.985711,1.9178,1.9178,2.0027,2.0027,4,1,4410000,1,1,0,0,0,0,mobile,0,0,1,0,0,0,0,0,0,0,0,0,1,0,0,0,1.0,1,0,0.0,4410000.0,1,0,1,0.0,2.0857
VA,39.001619,-77.403201,0.0,0.8959,2.0,2.6767,9,2,4500000,2,0,0,0,0,1,web,0,1,0,0,0,0,0,0,0,0,0,0,1,1,0,0,2.0,1,0,0.8959,2250000.0,2,0,1,0.6766999999999999,10.0458
CA,37.788653,-122.401333,1.6712,3.7863,4.6685,5.6849,11,3,11040000,2,1,0,0,0,0,software,1,0,0,0,0,0,0,0,0,0,0,0,1,1,1,0,2.5,1,0,2.1151,3680000.0,3,0,1,1.0164,2.9052
CA,37.779281,-122.419236,1.8822,1.8822,1.3288,2.9479,6,1,1600000,2,1,0,0,0,0,games_video,0,0,0,0,0,1,0,0,0,0,0,0,1,0,0,0,3.0,1,0,0.0,1600000.0,1,0,1,1.6191000000000002,3.1878
NY,40.73901,-73.997259,3.4164,3.874,7.7534,7.7534,3,2,9000000,1,0,1,0,0,0,software,1,0,0,0,0,0,0,0,0,0,1,0,0,1,0,0,4.0,1,0,0.45760000000000023,4500000.0,1,1,1,0.0,0.7744
CA,37.548418700000006,-122.3151646,1.3041,2.6493,0.0,3.6767,4,3,3282327,2,1,0,0,0,0,analytics,0,0,0,0,0,0,0,0,0,1,1,0,0,0,0,0,2.0,1,0,1.3452000000000002,1094109.0,0,1,1,3.6767,1.5098
CA,37.55818,-122.276454,4.1644,4.1644,5.5836,11.3918,5,2,24700000,5,1,0,0,0,0,web,0,1,0,0,0,0,0,0,0,0,0,0,1,1,0,0,4.0,1,0,0.0,12350000.0,2,0,1,5.8082,1.2007
GA,33.774486,-84.385448,5.6986,6.8877,0.0,0.0,2,2,8800000,0,0,0,0,0,1,semiconductor,0,0,0,0,0,0,0,0,0,1,1,0,1,0,0,0,1.0,1,1,1.1890999999999998,4400000.0,1,1,0,0.0,0.2904
CA,34.03423370000001,-118.4536137,1.1836,1.1836,0.9178,0.9178,1,1,1700000,1,1,0,0,0,0,web,0,1,0,0,0,0,0,0,0,0,0,0,1,0,0,0,1.0,0,1,0.0,1700000.0,1,0,1,0.0,0.8449
CA,37.835676,-122.263548,0.2493,0.2493,0.0,0.7781,1,1,20000,2,1,0,0,0,0,web,0,1,0,0,0,0,0,0,0,0,0,1,0,0,0,0,1.0,0,1,0.0,20000.0,0,1,1,0.7781,2.0
CA,37.5541073,-121.9756765,3.1041,4.9205,5.0027,8.3534,10,2,11500000,5,1,0,0,0,0,mobile,0,0,1,0,0,0,0,0,0,0,0,0,1,1,0,0,2.5,1,0,1.8163999999999998,5750000.0,2,0,1,3.3507000000000007,2.0323
CA,38.279431,-122.668452,2.3068,9.4247,4.4986,11.4164,12,7,98170000,3,1,0,0,0,0,mobile,0,0,1,0,0,0,0,0,0,0,1,0,0,1,1,1,5.2,1,1,7.1179,14024285.714285715,3,1,1,6.9178,1.2733
CA,37.7824533,-122.3879489,1.2219,1.2219,0.7479,2.6849,2,1,1350000,3,1,0,0,0,0,web,0,1,0,0,0,0,0,0,0,0,0,1,0,0,0,0,10.0,1,0,0.0,1350000.0,0,1,1,1.9369999999999998,1.6368
IL,41.8851542,-87.62231829999998,4.7068,4.7068,2.989,6.863,17,1,940261,2,0,0,0,0,1,software,1,0,0,0,0,0,0,0,0,0,0,0,1,0,0,0,1.0,1,0,0.0,940261.0,1,0,1,3.8740000000000006,3.6118
MA,42.360253,-71.058291,1.6658,3.6712,3.6658,3.6712,12,2,4000000,3,0,0,1,0,0,web,0,1,0,0,0,0,0,0,0,0,0,1,1,0,0,0,3.0,1,0,2.0054,2000000.0,1,1,1,0.005399999999999849,3.2687
CA,37.36883,-122.03635,1.9562,1.9562,1.0027,1.0027,5,1,5000000,1,1,0,0,0,0,web,0,1,0,0,0,0,0,0,0,0,0,0,1,0,0,0,1.0,0,1,0.0,5000000.0,1,0,1,0.0,2.556
VA,38.881717,-77.089398,0.0027,0.0027,0.5836,0.5836,3,1,20000,1,0,0,0,0,1,web,0,1,0,0,0,0,0,0,0,0,0,1,0,0,0,0,1.0,0,1,0.0,20000.0,0,1,1,0.0,6.0
WA,47.60732,-122.335746,4.0301,4.0301,3.0027,3.0027,5,1,12500000,1,0,0,0,0,1,network_hosting,0,0,0,0,0,0,0,0,0,1,0,0,0,1,0,0,3.0,1,0,0.0,12500000.0,1,0,1,0.0,1.2407
CO,39.568064,-104.977831,1.3397,4.6548,1.3589,1.3753,0,5,7228704,2,0,0,0,0,1,finance,0,0,0,0,0,0,0,0,0,1,1,0,1,0,0,0,2.0,1,1,3.3151,1445740.8,1,1,1,0.01639999999999997,0.0
IL,41.940611,-87.835972,4.3836,5.9562,5.4986,5.4986,5,2,55000000,1,0,0,0,0,1,biotech,0,0,0,0,0,0,0,1,0,0,1,0,0,1,0,0,4.0,1,1,1.5725999999999996,27500000.0,1,1,1,0.0,0.8395
CA,37.560155,-122.285588,2.063,6.6137,0.0,0.0,5,4,15180000,0,1,0,0,0,0,enterprise,0,0,0,1,0,0,0,0,0,0,1,0,1,0,1,0,1.0,1,0,4.550699999999999,3795000.0,2,1,0,0.0,0.756
CA,37.404788,-121.940842,2.3479,3.4301,2.3562,4.0027,4,2,30000000,2,1,0,0,0,0,software,1,0,0,0,0,0,0,0,0,0,0,0,1,1,0,0,2.5,1,1,1.0821999999999998,15000000.0,2,0,1,1.6465,1.1661
TX,30.268236,-97.740651,2.5233,2.6685,3.0027,4.4247,11,2,14500000,3,0,0,0,1,0,network_hosting,0,0,0,0,0,0,0,0,0,1,0,0,1,1,0,0,1.5,1,0,0.1452,7250000.0,2,0,1,1.4219999999999997,4.1222
CA,37.758229,-122.439512,2.0685,2.0685,2.5808,4.3671,6,1,6500000,3,1,0,0,0,0,advertising,0,0,0,0,1,0,0,0,0,0,1,0,0,0,0,0,3.0,1,0,0.0,6500000.0,0,1,1,1.7862999999999998,2.9007
TN,35.149021999999995,-90.05162800000002,0.0,0.0,0.0,0.0,2,1,15000,1,0,0,0,0,1,web,0,1,0,0,0,0,0,0,0,0,0,1,0,0,0,0,1.0,0,1,0.0,15000.0,0,1,1,0.0,4.0
NY,40.730646,-73.986614,0.7288,3.6055,1.589,4.1041,5,5,4705910,3,0,1,0,0,0,mobile,0,0,1,0,0,0,0,0,0,0,1,1,0,0,0,0,3.0,1,0,2.8767,941182.0,0,2,1,2.5151,1.3868
CA,37.5783263,-122.3485679,2.8055,2.8055,3.0027,4.6493,6,1,3000000,2,1,0,0,0,0,games_video,0,0,0,0,0,1,0,0,0,0,1,0,0,0,0,0,1.0,1,0,0.0,3000000.0,0,1,1,1.6466000000000003,2.1387
NY,40.743808,-73.983626,0.7452,4.9178,3.0438,6.8411,30,6,125250000,5,0,1,0,0,0,web,0,1,0,0,0,0,0,0,0,0,1,0,1,1,1,1,3.5,1,0,4.1726,20875000.0,4,1,1,3.7973,6.1003
NY,40.730646,-73.986614,0.3315,4.0027,2.3644,3.6685,8,4,1449998,3,0,1,0,0,0,social,0,0,0,0,0,0,0,0,0,1,1,1,0,0,0,0,1.0,1,1,3.6712,362499.5,0,2,1,1.3041,1.9987
MA,42.3751,-71.105616,0.6959,1.189,0.6629999999999999,2.6247,5,2,6000000,3,0,0,1,0,0,mobile,0,0,1,0,0,0,0,0,0,0,0,1,1,0,0,0,6.0,1,0,0.4931000000000001,3000000.0,1,1,1,1.9617,4.2052
MN,45.006515,-93.46651,2.0603,6.2301,0.0,0.0,7,3,28200000,0,0,0,0,0,1,medical,0,0,0,0,0,0,0,0,0,1,1,0,0,1,1,0,3.0,1,0,4.1698,9400000.0,2,1,0,0.0,1.1236
CA,37.777741,-122.412198,3.1479,4.8795,5.0027,5.0027,5,2,14000000,1,1,0,0,0,0,software,1,0,0,0,0,0,0,0,0,0,1,0,1,0,0,0,2.0,1,0,1.7316000000000003,7000000.0,1,1,1,0.0,1.0247
TX,30.35504,-97.801083,1.5808,1.5808,2.2521,2.5342,14,1,3000000,2,0,0,0,1,0,enterprise,0,0,0,1,0,0,0,0,0,0,0,0,1,0,0,0,1.0,0,1,0.0,3000000.0,1,0,1,0.2820999999999998,8.8563
WA,39.78373,-100.445882,1.5151,1.7644,0.7479,0.7479,6,2,2238055,1,0,0,0,0,1,enterprise,0,0,0,1,0,0,0,0,0,0,1,1,0,0,0,0,1.0,1,1,0.24930000000000008,1119027.5,0,2,1,0.0,3.4006
CA,37.779281,-122.419236,0.7123,2.2849,1.9507,2.2822,5,2,5200000,2,1,0,0,0,0,photo_video,0,0,0,0,0,0,0,0,0,1,1,0,1,0,0,0,1.0,1,1,1.5726,2600000.0,1,1,1,0.3314999999999999,2.1883
PA,40.0708709,-75.302716,3.6329,3.6329,1.1479,3.7781,4,1,75000000,4,0,0,0,0,1,ecommerce,0,0,0,0,0,0,1,0,0,0,1,0,0,0,0,0,1.0,0,0,0.0,75000000.0,0,1,1,2.6302,1.101
MA,42.296111,-71.238524,0.411,3.9699,4.2521,5.7671,13,4,24500000,4,0,0,1,0,0,software,1,0,0,0,0,0,0,0,0,0,0,0,1,1,1,0,2.5,1,1,3.5589,6125000.0,3,0,1,1.5149999999999997,3.2746
CA,33.63776,-117.855989,4.9068,8.1014,0.0,0.0,3,3,4476171,0,1,0,0,0,0,advertising,0,0,0,0,1,0,0,0,0,0,1,0,1,0,0,0,2.0,1,1,3.1946000000000003,1492057.0,1,1,0,0.0,0.3703
TX,30.2729209,-97.7443863,0.5014,2.4219,2.8192,5.8849,21,3,10400001,3,0,0,0,1,0,web,0,1,0,0,0,0,0,0,0,0,0,0,1,1,0,0,6.0,1,0,1.9205,3466667.0,2,0,1,3.0657,8.6709
CO,40.138979,-105.124465,4.1836,7.1342,5.0027,5.0027,8,3,68400000,1,0,0,0,0,1,network_hosting,0,0,0,0,0,0,0,0,0,1,1,0,0,0,1,1,6.5,1,0,2.9505999999999997,22800000.0,2,1,1,0.0,1.1214
CA,37.512318,-122.20091399999998,2.9288,4.6329,0.0,0.0,13,2,15200000,0,1,0,0,0,0,software,1,0,0,0,0,0,0,0,0,0,0,0,1,1,0,0,2.0,1,0,1.7041000000000004,7600000.0,2,0,0,0.0,2.806
NY,40.728425,-73.999882,0.6192,1.5863,0.0,0.0,2,2,890000,0,0,1,0,0,0,mobile,0,0,1,0,0,0,0,0,0,0,0,1,0,0,0,0,3.0,1,1,0.9671000000000001,445000.0,0,1,0,0.0,1.2608
CA,37.779281,-122.419236,10.5315,10.5315,0.0,0.0,0,1,2600000,0,1,0,0,0,0,mobile,0,0,1,0,0,0,0,0,0,0,1,0,0,0,0,0,1.0,1,1,0.0,2600000.0,0,1,0,0.0,0.0
IL,41.800255,-88.149362,3.8685,3.8685,3.8301,4.0877,7,1,1226270,2,0,0,0,0,1,enterprise,0,0,0,1,0,0,0,0,0,0,0,1,0,0,0,0,1.0,1,0,0.0,1226270.0,0,1,1,0.25760000000000005,1.8095
CA,34.147047,-118.148896,6.737,8.2877,6.7534,6.7534,5,2,9000000,1,1,0,0,0,0,web,0,1,0,0,0,0,0,0,0,0,0,0,1,1,0,0,1.0,0,0,1.550699999999999,4500000.0,2,0,1,0.0,0.6033
CA,37.317847,-121.948469,4.6521,8.1288,6.0055,6.0055,4,4,7210210,1,1,0,0,0,0,enterprise,0,0,0,1,0,0,0,0,0,0,1,0,1,1,0,0,1.0,0,0,3.4767,1802552.5,2,1,1,0.0,0.4921
CA,37.779281,-122.419236,0.7397,1.1425,0.5808,0.5808,15,2,15700000,1,1,0,0,0,0,automotive,0,0,0,0,0,0,0,0,0,1,0,0,1,0,0,0,3.0,1,0,0.40280000000000005,7850000.0,1,0,1,0.0,13.1291
MA,42.37564,-71.2358,5.6849,6.3151,5.0055,5.0055,4,2,15050000,1,0,0,1,0,0,software,1,0,0,0,0,0,0,0,0,0,1,0,0,0,1,0,2.5,1,0,0.6302000000000003,7525000.0,1,1,1,0.0,0.6334
CA,37.8093381,-122.4166061,0.7479,2.7507,1.5836,4.5315,5,2,3500000,2,1,0,0,0,0,games_video,0,0,0,0,0,1,0,0,0,0,0,0,1,1,0,0,3.0,1,0,2.0028,1750000.0,2,0,1,2.9479000000000006,1.8177
CA,37.43841079999999,-121.9240273,6.4767,7.3507,5.0055,5.0055,2,2,43000000,1,1,0,0,0,0,software,1,0,0,0,0,0,0,0,0,0,0,0,0,0,1,1,1.0,1,1,0.8739999999999997,21500000.0,2,0,1,0.0,0.2721
CA,37.775196,-122.419204,1.1616,3.0384,3.2658,5.5397,7,2,57000000,2,1,0,0,0,0,web,0,1,0,0,0,0,0,0,0,0,0,0,1,1,0,0,3.5,1,0,1.8768000000000002,28500000.0,2,0,1,2.2739,2.3038
CA,37.78811500000001,-122.397141,0.8932,0.8932,0.8329,4.2137,8,1,1300000,4,1,0,0,0,0,web,0,1,0,0,0,0,0,0,0,0,0,1,0,0,0,0,4.0,1,0,0.0,1300000.0,0,1,1,3.3808000000000002,8.9566
CA,32.902266,-117.20834,1.4986,4.4247,4.0877,9.737,15,4,69750000,4,1,0,0,0,0,games_video,0,0,0,0,0,1,0,0,0,0,0,0,1,1,1,1,5.0,1,0,2.9261,17437500.0,4,0,1,5.6493,3.3901
MA,42.341899,-71.065924,3.0,5.0027,9.6247,10.3945,16,2,14500000,2,0,0,1,0,0,advertising,0,0,0,0,1,0,0,0,0,0,0,1,0,1,0,0,2.0,1,0,2.0027,7250000.0,1,1,1,0.7698,3.1983
CA,37.40006,-122.049689,4.0849,5.5836,0.0,0.0,2,2,48000000,0,1,0,0,0,0,hardware,0,0,0,0,0,0,0,0,0,1,0,0,0,0,1,1,6.0,1,1,1.4986999999999995,24000000.0,2,0,0,0.0,0.3582
PA,40.418851,-79.904163,3.5041,5.4438,0.0,0.0,3,2,3508462,0,0,0,0,0,1,medical,0,0,0,0,0,0,0,0,0,1,1,0,1,0,0,0,3.0,1,1,1.9397000000000002,1754231.0,1,1,0,0.0,0.5511
CA,37.778613,-122.395289,3.4301,5.5589,7.8384,7.8384,10,3,19500000,1,1,0,0,0,0,software,1,0,0,0,0,0,0,0,0,0,0,0,1,1,0,0,3.3333,1,0,2.1288000000000005,6500000.0,2,0,1,0.0,1.7989
CA,34.019657,-118.487549,0.4685,0.4685,1.1041,1.6795,5,1,3750000,3,1,0,0,0,0,mobile,0,0,1,0,0,0,0,0,0,0,0,0,0,0,0,0,9.0,1,0,0.0,3750000.0,0,0,1,0.5753999999999999,10.0
IL,41.817807,-88.173402,0.0,0.0,0.0,0.0,1,1,45000000,0,0,0,0,0,1,web,0,1,0,0,0,0,0,0,0,0,0,0,0,0,0,0,2.0,0,1,0.0,45000000.0,0,0,0,0.0,2.0
NC,35.79181,-78.74123,0.8164,5.5616,4.5562,7.9863,8,4,32500000,3,0,0,0,0,1,enterprise,0,0,0,1,0,0,0,0,0,0,0,0,1,1,1,1,2.75,1,1,4.7452000000000005,8125000.0,4,0,1,3.4301000000000004,1.4384
PA,40.063476,-75.457492,1.8384,8.3397,5.674,13.5562,4,2,4900000,5,0,0,0,0,1,enterprise,0,0,0,1,0,0,0,0,0,0,0,1,0,1,0,0,1.5,1,0,6.5013000000000005,2450000.0,1,1,1,7.8822,0.4796
CA,37.382376,-122.037607,2.2986,3.2110000000000003,3.5945,4.5753,4,2,12000000,3,1,0,0,0,0,advertising,0,0,0,0,1,0,0,0,0,0,0,0,0,1,1,0,2.0,1,1,0.9124000000000003,6000000.0,2,0,1,0.9808000000000003,1.2457
CA,37.76690900000001,-122.406676,0.0329,2.2055,4.5151,6.9123,12,3,7175000,6,1,0,0,0,0,web,0,1,0,0,0,0,0,0,0,0,0,1,1,1,0,0,2.6667,1,0,2.1725999999999996,2391666.6666666665,2,1,1,2.3971999999999998,5.4409
CA,37.793148,-122.402567,1.1699,1.4986,0.0849,5.3863,3,2,4700000,4,1,0,0,0,0,web,0,1,0,0,0,0,0,0,0,0,0,1,1,0,0,0,1.5,1,1,0.3287,2350000.0,1,1,1,5.3014,2.0019
CA,26.0524615,-80.1378809,0.0,0.0,0.0,0.0,3,1,120000,0,1,0,0,0,0,public_relations,0,0,0,0,0,0,0,0,0,1,0,1,0,0,0,0,2.0,0,1,0.0,120000.0,0,1,0,0.0,6.0
CA,37.393679,-122.079017,5.1041,8.6411,5.6712,6.8986,10,3,10000000,2,1,0,0,0,0,advertising,0,0,0,0,1,0,0,0,0,0,1,0,0,1,0,0,1.6667,0,0,3.537,3333333.3333333335,1,1,1,1.2274000000000003,1.1573
TX,30.435079,-97.770139,4.9562,10.3151,0.0,0.0,0,4,39000000,0,0,0,0,1,0,semiconductor,0,0,0,0,0,0,0,0,0,1,1,0,1,0,0,0,3.0,0,1,5.358899999999999,9750000.0,1,1,0,0.0,0.0
MA,42.345927,-71.55228699999998,2.2411,4.0301,0.0,0.0,3,2,16100000,0,0,0,1,0,0,software,1,0,0,0,0,0,0,0,0,0,0,0,0,1,1,0,2.5,1,0,1.7890000000000001,8050000.0,2,0,0,0.0,0.7444
CA,37.795191,-122.430411,1.2466,2.0849,2.4986,5.3233,4,2,3300000,3,1,0,0,0,0,advertising,0,0,0,0,1,0,0,0,0,0,0,1,1,0,0,0,2.0,1,0,0.8383000000000003,1650000.0,1,1,1,2.8246999999999995,1.9186
CA,37.779281,-122.419236,1.5616,1.5616,1.2438,1.7726,6,1,750000,3,1,0,0,0,0,analytics,0,0,0,0,0,0,0,0,0,1,0,1,0,0,0,0,9.0,1,0,0.0,750000.0,0,1,1,0.5287999999999999,3.8422
GA,33.776834,-84.3895875,2.4493,2.4493,0.0,0.0,0,2,1000000,0,0,0,0,0,1,software,1,0,0,0,0,0,0,0,0,0,1,1,0,0,0,0,2.0,0,1,0.0,500000.0,0,2,0,0.0,0.0
NY,40.730646,-73.986614,11.3342,11.3342,0.0,0.0,3,1,7410000,0,0,1,0,0,0,biotech,0,0,0,0,0,0,0,1,0,0,1,0,0,0,0,0,3.0,1,1,0.0,7410000.0,0,1,0,0.0,0.2647
CA,37.404788,-121.940842,6.8932,10.4082,0.0,0.0,5,3,52800000,0,1,0,0,0,0,semiconductor,0,0,0,0,0,0,0,0,0,1,1,0,0,0,1,0,5.3333,1,0,3.5150000000000006,17600000.0,1,1,0,0.0,0.4804
CA,33.97279,-118.427578,4.6685,9.1178,9.7534,12.8027,33,3,37000000,4,1,0,0,0,0,software,1,0,0,0,0,0,0,0,0,0,0,0,1,1,1,0,1.3333,1,1,4.449300000000001,12333333.333333334,3,0,1,3.0493000000000006,3.6193
CA,37.7983181,-122.4000032,1.137,3.737,2.463,3.2164,14,3,14229998,3,1,0,0,0,0,web,0,1,0,0,0,0,0,0,0,0,0,0,1,1,0,0,3.0,1,0,2.6,4743332.666666667,2,0,1,0.7534000000000001,3.7463
CA,37.320309,-122.05004,0.7205,2.4356,0.7671,2.7918,7,2,3000000,2,1,0,0,0,0,messaging,0,0,0,0,0,0,0,0,0,1,0,0,1,1,0,0,2.5,1,0,1.7151,1500000.0,2,0,1,2.0246999999999997,2.874
NY,40.730646,-73.986614,4.0384,4.0384,6.0027,6.0027,10,1,20000000,1,0,1,0,0,0,advertising,0,0,0,0,1,0,0,0,0,0,0,0,1,0,0,0,1.0,0,0,0.0,20000000.0,1,0,1,0.0,2.4762
RI,51.43247,-2.664213,0.7479,2.0959,1.6548,2.0959,6,2,2000000,3,0,0,0,0,1,advertising,0,0,0,0,1,0,0,0,0,0,0,1,0,0,0,0,1.5,1,0,1.3479999999999999,1000000.0,0,1,1,0.4410999999999998,2.8627
DC,38.897976,-77.028561,3.8192,6.0932,9.0055,9.7726,3,2,19900000,2,0,0,0,0,1,software,1,0,0,0,0,0,0,0,0,0,1,0,0,1,0,0,2.0,1,0,2.2740000000000005,9950000.0,1,1,1,0.767100000000001,0.4924
CA,37.781689,-122.391061,1.2493,1.2493,2.589,2.589,6,1,1500000,1,1,0,0,0,0,ecommerce,0,0,0,0,0,0,1,0,0,0,0,0,0,0,0,0,1.0,0,1,0.0,1500000.0,0,0,1,0.0,4.8027
CA,37.779281,-122.419236,0.0,0.0,1.2521,1.2521,4,1,325000,1,1,0,0,0,0,cleantech,0,0,0,0,0,0,0,0,0,1,0,1,0,0,0,0,4.0,0,1,0.0,325000.0,0,1,1,0.0,8.0
CA,37.787249,-122.3990501,0.463,0.463,1.2795,1.8192,16,1,3500000,2,1,0,0,0,0,enterprise,0,0,0,1,0,0,0,0,0,0,0,0,1,0,0,0,5.0,1,1,0.0,3500000.0,1,0,1,0.5396999999999998,32.0
WA,47.602873,-122.336132,2.0027,4.3863,1.5836,4.1918,7,4,30000000,2,0,0,0,0,1,network_hosting,0,0,0,0,0,0,0,0,0,1,0,1,1,1,0,0,2.0,1,1,2.3836000000000004,7500000.0,2,1,1,2.6082,1.5959
CA,39.78373,-100.445882,4.2384,4.2384,0.0,0.0,1,1,50000000,0,1,0,0,0,0,biotech,0,0,0,0,0,0,0,1,0,0,0,0,0,0,0,1,6.0,1,0,0.0,50000000.0,1,0,0,0.0,0.2359
NY,40.745003,-73.98322900000002,1.4712,1.4712,1.0027,1.4712,5,1,2000000,2,0,1,0,0,0,ecommerce,0,0,0,0,0,0,1,0,0,0,0,0,1,0,0,0,3.0,1,0,0.0,2000000.0,1,0,1,0.46850000000000014,3.3986
CA,37.52845,-122.263721,1.5041,5.8356,6.1699,8.3534,25,6,72000000,2,1,0,0,0,0,advertising,0,0,0,0,1,0,0,0,0,0,1,0,1,1,1,1,2.3333,1,0,4.3315,12000000.0,4,1,1,2.1835000000000004,4.284
CA,34.045919,-118.16525,1.6849,5.8493,8.4219,8.4219,4,3,27690547,1,1,0,0,0,0,cleantech,0,0,0,0,0,0,0,0,0,1,0,0,0,1,1,1,4.5,1,0,4.1644000000000005,9230182.333333334,3,0,1,0.0,0.6838
TX,33.068275,-96.711101,2.189,2.189,0.0,0.0,32,1,9000000,0,0,0,0,1,0,semiconductor,0,0,0,0,0,0,0,0,0,1,0,0,0,1,0,0,4.0,1,1,0.0,9000000.0,1,0,0,0.0,14.6185
CA,37.287285,-121.942932,0.4192,1.4658,3.1315,4.137,12,2,7500000,3,1,0,0,0,0,enterprise,0,0,0,1,0,0,0,0,0,0,0,0,1,0,0,0,3.5,1,0,1.0466,3750000.0,1,0,1,1.0054999999999996,8.1867
TX,30.271393,-97.748623,0.6932,1.4986,3.4164,3.4164,9,2,10000000,1,0,0,0,1,0,software,1,0,0,0,0,0,0,0,0,0,0,0,1,0,0,0,2.0,1,0,0.8053999999999999,5000000.0,1,0,1,0.0,6.0056
CA,34.142973,-118.140553,1.4411,6.6795,2.0,2.0,7,4,5965000,1,1,0,0,0,0,software,1,0,0,0,0,0,0,0,0,0,1,0,1,0,0,0,1.0,0,0,5.2384,1491250.0,1,1,1,0.0,1.048
CA,37.465645,-121.932202,-0.2466,-0.2466,-0.4082,7.4548,9,1,4000000,4,1,0,0,0,0,mobile,0,0,1,0,0,0,0,0,0,0,0,0,1,0,0,0,1.0,0,0,0.0,4000000.0,1,0,1,7.8629999999999995,18.0
MI,42.548008,-83.214753,5.1397,5.1397,7.0055,7.0055,2,1,5000000,1,0,0,0,0,1,advertising,0,0,0,0,1,0,0,0,0,0,1,0,0,0,0,0,1.0,0,1,0.0,5000000.0,0,1,1,0.0,0.3891
CA,37.32052,-121.948399,1.0877,1.0877,5.0959,7.3863,15,1,11500000,2,1,0,0,0,0,advertising,0,0,0,0,1,0,0,0,0,0,0,0,1,0,0,0,2.0,1,0,0.0,11500000.0,1,0,1,2.2904,13.7906
IL,41.875555,-87.624421,1.0356,2.1479,1.5808,1.5808,2,2,1050000,1,0,0,0,0,1,web,0,1,0,0,0,0,0,0,0,0,1,0,0,0,0,0,1.0,0,1,1.1122999999999998,525000.0,0,1,1,0.0,0.9311
NY,40.7566658,-73.9827553,1.1644,1.3507,1.3507,3.3315,13,2,5500000,2,0,1,0,0,0,web,0,1,0,0,0,0,0,0,0,0,0,0,1,0,0,0,2.0,1,0,0.1862999999999999,2750000.0,1,0,1,1.9808000000000001,9.6246
PA,39.951311,-75.169522,0.8301,2.8329,1.0877,3.337,17,3,5000000,4,0,0,0,0,1,advertising,0,0,0,0,1,0,0,0,0,0,0,1,1,0,0,0,1.6667,1,0,2.0028,1666666.6666666667,1,1,1,2.2493000000000003,6.0009
CA,37.406914,-122.09037,-1.0521,0.6247,-1.3589,1.663,11,2,3700000,3,1,0,0,0,0,enterprise,0,0,0,1,0,0,0,0,0,0,1,0,0,0,0,0,3.0,0,1,1.6768,1850000.0,0,1,1,3.0219,17.6085
CA,36.9397206,-121.7768449,1.2137,3.0082,0.0,0.0,4,2,7000000,0,1,0,0,0,0,software,1,0,0,0,0,0,0,0,0,0,0,0,1,0,0,0,2.0,0,1,1.7945,3500000.0,1,0,0,0.0,1.3297
MA,42.375219,-71.056101,1.2466,2.1616,2.0,3.8137,14,2,32000000,4,0,0,1,0,0,network_hosting,0,0,0,0,0,0,0,0,0,1,0,0,1,1,0,0,3.5,1,1,0.915,16000000.0,2,0,1,1.8136999999999999,6.4767
MA,42.358822,-71.104329,0.7123,4.2301,2.6685,3.0575,8,3,7900000,2,0,0,1,0,0,advertising,0,0,0,0,1,0,0,0,0,0,0,0,1,0,0,0,2.0,0,0,3.5178000000000003,2633333.3333333335,1,0,1,0.38900000000000023,1.8912
CA,37.392443,-122.072517,0.6685,6.2795,2.7945,7.4493,16,5,80000000,3,1,0,0,0,0,network_hosting,0,0,0,0,0,0,0,0,0,1,0,1,1,1,1,1,2.25,1,0,5.611,16000000.0,4,1,1,4.6548,2.548
TX,30.280148,-97.749908,4.8247,4.8247,0.2466,0.2466,1,1,5000000,1,0,0,0,1,0,mobile,0,0,1,0,0,0,0,0,0,0,1,0,0,0,0,0,1.0,1,1,0.0,5000000.0,0,1,1,0.0,0.2073
WA,47.638456,-122.356965,1.0,3.1863,2.4301,7.6247,5,2,2100000,3,0,0,0,0,1,security,0,0,0,0,0,0,0,0,0,1,0,1,1,0,0,0,1.5,1,0,2.1863,1050000.0,1,1,1,5.194599999999999,1.5692
MD,39.116333,-77.18130699999998,0.2055,4.3973,3.4164,3.4164,6,4,22250000,1,0,0,0,0,1,enterprise,0,0,0,1,0,0,0,0,0,0,0,0,1,1,1,1,2.5,1,0,4.191800000000001,5562500.0,4,0,1,0.0,1.3645
OR,45.520247,-122.674195,0.5397,1.5014,-14.1699,2.2082,6,2,1975000,2,0,0,0,0,1,enterprise,0,0,0,1,0,0,0,0,0,0,1,1,0,0,0,0,3.0,0,0,0.9617000000000001,987500.0,0,2,1,16.3781,3.9963
NY,40.723652,-73.985281,0.0,0.0,3.5918,4.3260000000000005,0,1,1000000,2,0,1,0,0,0,web,0,1,0,0,0,0,0,0,0,0,0,1,0,0,0,0,1.0,1,0,0.0,1000000.0,0,1,1,0.7342000000000004,0.0
PA,40.602206,-75.47127900000002,2.3452,2.3452,0.0,0.0,0,1,35000000,0,0,0,0,0,1,cleantech,0,0,0,0,0,0,0,0,0,1,0,0,0,0,1,0,1.0,0,1,0.0,35000000.0,1,0,0,0.0,0.0
NY,37.480999,-122.173887,0.0822,4.3260000000000005,3.663,5.6110000000000015,12,7,88651133,5,0,1,0,0,0,mobile,0,0,1,0,0,0,0,0,0,0,1,1,1,1,1,1,3.1667,1,0,4.2438,12664447.57142857,4,2,1,1.9480000000000017,2.7739
MA,42.5656454,-71.3222696,5.5945,5.5945,0.0,0.0,3,1,26000000,0,0,0,1,0,0,semiconductor,0,0,0,0,0,0,0,0,0,1,1,0,0,0,0,0,2.0,1,0,0.0,26000000.0,0,1,0,0.0,0.5362
CA,34.054935,-118.244476,0.6712,0.6712,0.0,0.7562,3,1,100000,2,1,0,0,0,0,games_video,0,0,0,0,0,1,0,0,0,0,0,1,0,0,0,0,1.0,0,1,0.0,100000.0,0,1,1,0.7562,4.4696
CO,39.750152,-104.99643799999998,1.0,1.0,3.811,4.9178,6,1,5000000,3,0,0,0,0,1,mobile,0,0,1,0,0,0,0,0,0,0,0,0,1,0,0,0,1.0,1,0,0.0,5000000.0,1,0,1,1.1067999999999998,6.0
GA,34.062588,-84.16923,6.8356,8.3096,0.0,0.0,5,2,7300000,0,0,0,0,0,1,biotech,0,0,0,0,0,0,0,1,0,0,1,0,1,0,0,0,3.0,1,1,1.4739999999999993,3650000.0,1,1,0,0.0,0.6017
CA,37.406914,-122.09037,2.0027,6.2274,4.0027,10.7616,8,3,64080000,2,1,0,0,0,0,biotech,0,0,0,0,0,0,0,1,0,0,0,0,1,1,1,0,4.0,1,0,4.2247,21360000.0,3,0,1,6.7589,1.2846
RI,51.43247,-2.664213,1.3425,1.726,-0.0822,1.7205,8,2,5800000,2,0,0,0,0,1,enterprise,0,0,0,1,0,0,0,0,0,0,0,1,1,0,0,0,4.0,1,0,0.38349999999999995,2900000.0,1,1,1,1.8027,4.635
CA,37.791388,-122.392148,4.0027,5.7534,5.9233,6.0,6,4,89500000,2,1,0,0,0,0,finance,0,0,0,0,0,0,0,0,0,1,0,0,0,1,1,0,1.0,1,1,1.7507000000000001,22375000.0,2,0,1,0.07669999999999977,1.0429
CA,37.788482,-122.409173,0.5808,5.2521,3.0877,4.1699,11,4,23350000,2,1,0,0,0,0,games_video,0,0,0,0,0,1,0,0,0,0,0,1,1,1,0,0,3.0,1,0,4.6713000000000005,5837500.0,2,1,1,1.0822000000000003,2.0944
MA,42.393662,-71.25585500000003,3.6877,5.9644,0.0,0.0,7,2,13500000,0,0,0,1,0,0,software,1,0,0,0,0,0,0,0,0,0,1,0,0,0,1,0,2.5,1,0,2.2767000000000004,6750000.0,1,1,0,0.0,1.1736
MA,42.496515,-71.480233,7.3534,8.126,11.0329,11.0575,13,2,24500000,2,0,0,1,0,0,security,0,0,0,0,0,0,0,0,0,1,0,0,0,0,0,0,5.5,1,0,0.7725999999999997,12250000.0,0,0,1,0.02459999999999951,1.5998
CA,37.534538,-122.252466,3.6027,3.6027,3.0027,3.0027,2,1,10000000,1,1,0,0,0,0,public_relations,0,0,0,0,0,0,0,0,0,1,0,0,0,0,1,0,4.0,1,1,0.0,10000000.0,1,0,1,0.0,0.5551
UT,40.767013,-111.890431,-1.9863,-1.9863,0.0,0.0,3,1,8500000,0,0,0,0,0,1,other,0,0,0,0,0,0,0,0,0,1,1,0,0,0,0,0,1.0,0,1,0.0,8500000.0,0,1,0,0.0,6.0
TX,30.161661,-95.471256,16.4192,16.4192,0.0,0.0,0,1,6000000,0,0,0,0,1,0,cleantech,0,0,0,0,0,0,0,0,0,1,0,0,0,1,0,0,3.0,0,1,0.0,6000000.0,1,0,0,0.0,0.0
CA,37.424298,-122.139809,1.337,1.337,1.3479,1.3479,3,1,2000000,1,1,0,0,0,0,software,1,0,0,0,0,0,0,0,0,0,0,0,1,0,0,0,2.0,1,0,0.0,2000000.0,1,0,1,0.0,2.2438
TX,30.280148,-97.749908,1.1123,1.937,0.0,1.1123,3,2,4100000,2,0,0,0,1,0,enterprise,0,0,0,1,0,0,0,0,0,0,0,0,1,0,0,0,1.5,1,0,0.8247,2050000.0,1,0,1,1.1123,1.5488
CA,37.40047,-122.072981,0.3699,0.3699,1.9507,8.3178,5,1,6200000,4,1,0,0,0,0,search,0,0,0,0,0,0,0,0,0,1,0,0,1,0,0,0,2.0,1,0,0.0,6200000.0,1,0,1,6.3671,10.0
CA,37.767575,-122.411157,4.0877,5.5753,4.0027,4.0027,8,2,12250000,1,1,0,0,0,0,advertising,0,0,0,0,1,0,0,0,0,0,0,0,0,1,1,0,2.5,1,0,1.4876000000000005,6125000.0,2,0,1,0.0,1.4349
CA,37.779281,-122.419236,3.3945,5.0712,5.7233,8.7342,3,2,11725600,2,1,0,0,0,0,mobile,0,0,1,0,0,0,0,0,0,0,0,0,1,1,0,0,2.0,1,0,1.6767000000000003,5862800.0,2,0,1,3.0108999999999995,0.5916
MA,42.504817,-71.195611,4.3151,5.8301,0.0,0.0,1,2,16000000,0,0,0,1,0,0,software,1,0,0,0,0,0,0,0,0,0,0,0,1,1,0,0,3.0,1,1,1.5149999999999997,8000000.0,2,0,0,0.0,0.1715
WA,47.603832,-122.330062,2.4767,4.3836,3.3945,4.9863,10,3,5056559,2,0,0,0,0,1,mobile,0,0,1,0,0,0,0,0,0,0,1,0,1,0,0,0,1.6667,1,0,1.9069000000000003,1685519.6666666667,1,1,1,1.5918,2.2812
CA,37.780883,-122.395257,0.4137,0.4137,6.8329,8.874,9,1,100000,3,1,0,0,0,0,web,0,1,0,0,0,0,0,0,0,0,0,1,0,0,0,0,1.0,1,0,0.0,100000.0,0,1,1,2.0411,18.0
CA,37.779281,-122.419236,2.3342,6.9671,4.0027,8.3014,11,3,68200000,3,1,0,0,0,0,hardware,0,0,0,0,0,0,0,0,0,1,1,1,0,0,0,0,4.0,1,0,4.6329,22733333.333333332,0,2,1,4.298699999999999,1.5788
CA,37.789429,-122.276524,4.0877,9.3068,6.0027,6.0027,5,3,33000000,1,1,0,0,0,0,enterprise,0,0,0,1,0,0,0,0,0,0,1,0,0,1,0,1,3.6667,1,0,5.219100000000001,11000000.0,2,1,1,0.0,0.5372
NC,35.986906,-78.896718,1.7863,3.3014,2.0822,2.3288,8,3,3352194,2,0,0,0,0,1,analytics,0,0,0,0,0,0,0,0,0,1,0,1,1,0,0,0,9.5,0,1,1.5151000000000001,1117398.0,1,1,1,0.24660000000000037,2.4232
NY,40.750519,-73.993494,1.4082,1.9068,-0.1616,1.8384,5,2,2212000,2,0,1,0,0,0,analytics,0,0,0,0,0,0,0,0,0,1,0,1,1,0,0,0,3.0,1,0,0.49860000000000015,1106000.0,1,1,1,2.0,2.6222
CA,37.484347,-122.225803,5.9014,7.2904,0.0,0.0,1,4,19800000,0,1,0,0,0,0,biotech,0,0,0,0,0,0,0,1,0,0,1,0,0,0,0,1,5.0,1,0,1.3890000000000002,4950000.0,1,1,0,0.0,0.1372
CA,37.566009,-122.321646,0.8301,1.0986,1.1014,1.1616,6,2,4500000,2,1,0,0,0,0,web,0,1,0,0,0,0,0,0,0,0,0,1,1,0,0,0,3.0,1,1,0.26850000000000007,2250000.0,1,1,1,0.06020000000000003,5.4615
MA,42.2960173,-71.2128734,4.0027,4.0055,4.0027,4.0027,2,2,14000000,1,0,0,1,0,0,software,1,0,0,0,0,0,0,0,0,0,1,0,0,1,0,0,1.5,1,0,0.0027999999999996916,7000000.0,1,1,1,0.0,0.4993
FL,26.106273,-80.41894,0.0548,0.0548,0.0685,0.4,4,1,100000,2,0,0,0,0,1,social,0,0,0,0,0,0,0,0,0,1,0,1,0,0,0,0,1.0,0,1,0.0,100000.0,0,1,1,0.3315,8.0
CA,37.4027811,-122.1441615,2.3562,3.4274,3.0027,5.3425,4,2,9900000,2,1,0,0,0,0,software,1,0,0,0,0,0,0,0,0,0,0,0,1,1,0,0,2.0,1,0,1.0712000000000002,4950000.0,2,0,1,2.3398000000000003,1.1671
CA,37.779281,-122.419236,0.0,5.063,5.0055,5.7945,10,3,7600000,2,1,0,0,0,0,advertising,0,0,0,0,1,0,0,0,0,0,0,0,1,1,0,0,5.0,1,0,5.063,2533333.3333333335,2,0,1,0.7890000000000006,1.9751
CA,34.430786,-119.715074,0.0,0.0,0.737,0.737,2,1,50000,1,1,0,0,0,0,games_video,0,0,0,0,0,1,0,0,0,0,0,1,0,0,0,0,2.0,0,1,0.0,50000.0,0,1,1,0.0,4.0
CA,37.448944,-122.161415,-0.0849,-0.0849,0.0,0.0,3,1,650000,0,1,0,0,0,0,public_relations,0,0,0,0,0,0,0,0,0,1,0,1,0,0,0,0,1.0,0,1,0.0,650000.0,0,1,0,0.0,6.0
CA,34.005914000000004,-118.488129,0.9178,2.7288,2.4164,2.7288,8,3,10500000,3,1,0,0,0,0,mobile,0,0,1,0,0,0,0,0,0,0,1,0,1,1,0,0,2.0,1,1,1.8110000000000002,3500000.0,2,1,1,0.31240000000000023,2.9317
CA,34.019657,-118.487549,0.4712,0.4712,0.0,0.9178,12,1,500000,2,1,0,0,0,0,web,0,1,0,0,0,0,0,0,0,0,0,1,0,0,0,0,1.0,0,0,0.0,500000.0,0,1,1,0.9178,24.0
CA,37.390501,-122.081151,1.9342,4.0438,2.0027,10.189,2,2,24300000,3,1,0,0,0,0,web,0,1,0,0,0,0,0,0,0,0,0,0,0,1,1,0,2.5,1,0,2.1096000000000004,12150000.0,2,0,1,8.1863,0.4946
CA,37.386778,-121.966277,7.4904,7.874,7.0055,7.0055,6,2,18000000,1,1,0,0,0,0,hardware,0,0,0,0,0,0,0,0,0,1,1,0,0,1,0,0,4.0,1,1,0.3835999999999995,9000000.0,1,1,1,0.0,0.762
CA,37.779507,-122.39071,0.6548,3.5452,3.8438,6.5589,27,3,26000000,5,1,0,0,0,0,messaging,0,0,0,0,0,0,0,0,0,1,0,0,1,1,1,0,3.6667,1,0,2.8903999999999996,8666666.666666666,3,0,1,2.7151000000000005,7.6159
CA,37.391642,-122.09393500000002,2.2466,5.0356,0.0,0.0,2,2,9500000,0,1,0,0,0,0,hardware,0,0,0,0,0,0,0,0,0,1,1,0,0,1,0,0,3.0,1,1,2.7889999999999997,4750000.0,1,1,0,0.0,0.3972
MD,39.2328783,-76.8204666,7.3151,7.3151,5.0055,5.0055,6,1,16980999,1,0,0,0,0,1,biotech,0,0,0,0,0,0,0,1,0,0,0,0,0,1,0,0,1.0,1,0,0.0,16980999.0,1,0,1,0.0,0.8202
CA,37.419819,-122.09018799999998,1.0027,1.0027,1.1644,3.5699,2,1,5000000,2,1,0,0,0,0,games_video,0,0,0,0,0,1,0,0,0,0,0,0,1,0,0,0,3.0,0,1,0.0,5000000.0,1,0,1,2.4055,1.9946
WA,47.657943,-117.421226,1.6712,1.6712,0.0,0.0,3,1,350000,0,0,0,0,0,1,hardware,0,0,0,0,0,0,0,0,0,1,1,0,0,0,0,0,1.0,0,1,0.0,350000.0,0,1,0,0.0,1.7951
MA,42.485691,-71.19861999999998,1.2384,4.9726,1.0,1.0,1,5,13130000,1,0,0,1,0,0,web,0,1,0,0,0,0,0,0,0,0,1,0,1,0,0,0,2.0,1,1,3.7342,2626000.0,1,1,1,0.0,0.2011
WA,39.78373,-100.445882,2.8247,2.8247,0.0,2.8219,1,1,20000000,2,0,0,0,0,1,software,1,0,0,0,0,0,0,0,0,0,0,0,1,0,0,0,1.0,0,1,0.0,20000000.0,1,0,1,2.8219,0.354
MA,42.372912,-71.118999,0.5014,3.2959,2.0685,6.9973,18,3,26500000,4,0,0,1,0,0,mobile,0,0,1,0,0,0,0,0,0,0,1,0,1,1,0,0,2.0,1,0,2.7945,8833333.333333334,2,1,1,4.928800000000001,5.4613
MA,42.432106,-71.453968,3.6986,4.1041,0.0,0.0,4,2,15000000,0,0,0,1,0,0,enterprise,0,0,0,1,0,0,0,0,0,0,0,0,0,1,0,0,5.0,1,0,0.40549999999999997,7500000.0,1,0,0,0.0,0.9746
MD,39.414219,-77.410927,4.3041,4.3041,0.0,0.0,0,1,2600000,0,0,0,0,0,1,public_relations,0,0,0,0,0,0,0,0,0,1,0,0,1,0,0,0,1.0,0,1,0.0,2600000.0,1,0,0,0.0,0.0
CA,37.54827,-121.988572,2.3973,6.0329,0.0,0.0,1,4,21470000,0,1,0,0,0,0,cleantech,0,0,0,0,0,0,0,0,0,1,0,0,1,1,0,0,3.5,1,1,3.6355999999999997,5367500.0,2,0,0,0.0,0.1658
TX,30.280148,-97.749908,0.0,0.0,0.274,0.863,5,1,20000,2,0,0,0,1,0,mobile,0,0,1,0,0,0,0,0,0,0,0,1,0,0,0,0,1.0,0,1,0.0,20000.0,0,1,1,0.589,10.0
CA,37.384239,-122.012475,1.9151,2.5808,2.0,6.9178,10,2,3600000,3,1,0,0,0,0,web,0,1,0,0,0,0,0,0,0,0,0,1,1,0,0,0,1.0,0,1,0.6657,1800000.0,1,1,1,4.9178,3.8748
NY,40.728425,-73.999882,0.8329,7.2521,8.0055,8.4,23,7,27300000,4,0,1,0,0,0,games_video,0,0,0,0,0,1,0,0,0,0,0,1,1,1,1,1,2.0,1,0,6.4192,3900000.0,4,1,1,0.39450000000000074,3.1715
CA,37.779281,-122.419236,0.5863,0.5863,1.0493,1.0493,8,1,2600000,1,1,0,0,0,0,ecommerce,0,0,0,0,0,0,1,0,0,0,0,0,1,0,0,0,2.0,0,0,0.0,2600000.0,1,0,1,0.0,13.6449
CA,37.424298,-122.139809,0.8027,0.8027,0.0,1.411,5,1,5000000,2,1,0,0,0,0,web,0,1,0,0,0,0,0,0,0,0,0,0,1,0,0,0,1.0,1,1,0.0,5000000.0,1,0,1,1.411,6.229
CA,32.897274,-117.201076,4.7589,6.2247,3.6685,6.2247,2,2,17000000,2,1,0,0,0,0,mobile,0,0,1,0,0,0,0,0,0,0,0,0,1,1,0,0,3.5,1,0,1.4658000000000007,8500000.0,2,0,1,2.5562000000000005,0.3213
ME,43.643967,-70.923675,4.3699,4.3699,0.0,0.0,0,1,662000,0,0,0,0,0,1,manufacturing,0,0,0,0,0,0,0,0,0,1,0,0,1,0,0,0,3.0,0,1,0.0,662000.0,1,0,0,0.0,0.0
NY,40.73901,-73.997259,0.0,1.0247,2.0055,2.7315,12,2,3750000,2,0,1,0,0,0,hospitality,0,0,0,0,0,0,0,0,0,1,0,1,1,0,0,0,4.0,1,0,1.0247,1875000.0,1,1,1,0.726,11.7107
CA,37.764726,-122.394523,0.9726,6.7534,5.2466,9.1534,57,4,45000000,8,1,0,0,0,0,news,0,0,0,0,0,0,0,0,0,1,0,0,1,1,1,1,4.6667,1,0,5.7808,11250000.0,4,0,1,3.9067999999999996,8.4402
NY,40.74731129999999,-73.95491820000002,3.8849,5.863,2.8356,6.1123,9,2,6700000,4,0,1,0,0,0,music,0,0,0,0,0,0,0,0,0,1,1,0,0,0,0,0,8.0,1,0,1.9781000000000004,3350000.0,0,1,1,3.2767000000000004,1.5351
CA,37.536402,-122.325129,0.1753,3.8795,2.0,4.474,12,3,20750000,2,1,0,0,0,0,hardware,0,0,0,0,0,0,0,0,0,1,1,0,1,1,0,0,2.3333,1,0,3.7042,6916666.666666667,2,1,1,2.474,3.0932
CA,37.786942,-122.401245,1.1616,7.5041,0.0,0.0,5,4,19000000,0,1,0,0,0,0,games_video,0,0,0,0,0,1,0,0,0,0,0,0,1,1,1,0,2.0,1,0,6.3425,4750000.0,3,0,0,0.0,0.6663
CA,37.778613,-122.395289,-0.4192,0.6658,0.0,0.0,20,3,22500000,0,1,0,0,0,0,search,0,0,0,0,0,0,0,0,0,1,1,0,1,0,0,0,4.0,1,0,1.085,7500000.0,1,1,0,0.0,30.0391
CA,37.792394,-122.402349,0.5041,3.0986,2.2384,3.7562,10,3,7300000,3,1,0,0,0,0,advertising,0,0,0,0,1,0,0,0,0,0,0,1,1,1,0,0,2.0,1,0,2.5945,2433333.3333333335,2,1,1,1.5178000000000003,3.2273
WA,39.78373,-100.445882,0.7479,7.8247,4.3151,5.9041,16,7,26390819,3,0,0,0,0,1,web,0,1,0,0,0,0,0,0,0,0,1,0,1,1,0,0,1.3333,1,1,7.0768,3770117.0,2,1,1,1.5889999999999995,2.0448
WA,47.582658,-122.135282,4.4959,4.4959,0.0,0.0,4,1,10000000,0,0,0,0,0,1,software,1,0,0,0,0,0,0,0,0,0,0,0,0,0,1,0,3.0,1,0,0.0,10000000.0,1,0,0,0.0,0.8897
NY,40.73901,-73.997259,0.0849,0.0849,0.0,0.0,1,1,31000,1,0,1,0,0,0,web,0,1,0,0,0,0,0,0,0,0,0,1,0,0,0,0,2.0,0,1,0.0,31000.0,0,1,1,0.0,2.0
CA,37.451026,-122.18676,1.7479,2.7288,1.7479,6.1452,16,3,21500000,4,1,0,0,0,0,mobile,0,0,1,0,0,0,0,0,0,0,0,0,1,1,0,0,3.3333,1,0,0.9809000000000001,7166666.666666667,2,0,1,4.3972999999999995,5.8634
CO,39.540323,-104.857271,4.8521,4.8521,6.5863,6.5863,5,1,4000000,1,0,0,0,0,1,security,0,0,0,0,0,0,0,0,0,1,0,0,0,0,0,0,5.0,1,0,0.0,4000000.0,0,0,1,0.0,1.0305
CA,33.020832,-117.077311,0.5041,3.7068,2.9863,4.0219,5,3,9400000,4,1,0,0,0,0,games_video,0,0,0,0,0,1,0,0,0,0,1,0,1,1,0,0,4.0,1,0,3.2027,3133333.3333333335,2,1,1,1.0355999999999996,1.3489
NY,37.402802,-122.117418,0.0411,2.1288,1.7562,4.874,9,3,5600000,4,0,1,0,0,0,web,0,1,0,0,0,0,0,0,0,0,0,0,1,1,0,0,2.0,1,0,2.0877,1866666.6666666667,2,0,1,3.1178,4.2277
CA,37.782101,-122.389519,2.0027,3.0466,3.5836,5.4767,9,2,6000000,2,1,0,0,0,0,finance,0,0,0,0,0,0,0,0,0,1,0,0,1,1,0,0,2.5,1,0,1.0439000000000003,3000000.0,2,0,1,1.8931,2.9541
GA,33.7862629,-84.3877936,2.137,10.1288,10.4164,12.1863,35,4,60704370,3,0,0,0,0,1,transportation,0,0,0,0,0,0,0,0,0,1,1,0,0,1,0,1,2.0,1,0,7.9918,15176092.5,2,1,1,1.7698999999999998,3.4555
CA,37.78227879999999,-122.392978,0.7534,3.0712,3.9178,4.5041,16,3,2000000,2,1,0,0,0,0,sports,0,0,0,0,0,0,0,0,0,1,0,1,0,0,0,0,3.6667,1,0,2.3178,666666.6666666666,0,1,1,0.5863,5.2097
CA,37.778551,-122.391686,0.4548,0.7041,0.5808,1.737,5,2,1000000,3,1,0,0,0,0,finance,0,0,0,0,0,0,0,0,0,1,1,0,1,0,0,0,5.5,1,0,0.24929999999999997,500000.0,1,1,1,1.1562000000000001,7.1013
PA,40.012771,-75.239234,1.126,1.4055,0.7918,1.3973,3,2,200000,2,0,0,0,0,1,games_video,0,0,0,0,0,1,0,0,0,0,0,1,1,0,0,0,2.0,1,1,0.2795000000000001,100000.0,1,1,1,0.6055,2.1345
CA,37.628328,-122.420814,1.8658,1.8658,0.0,1.863,2,1,2300000,2,1,0,0,0,0,cleantech,0,0,0,0,0,0,0,0,0,1,0,0,1,0,0,0,2.0,1,1,0.0,2300000.0,1,0,1,1.863,1.0719
CA,37.7885714,-122.40359850000002,2.2164,2.2164,0.7479,3.4164,5,1,1000000,4,1,0,0,0,0,mobile,0,0,1,0,0,0,0,0,0,0,0,0,1,0,0,0,1.0,1,1,0.0,1000000.0,1,0,1,2.6685,2.2559
CA,37.779624,-122.391236,0.8356,5.7534,4.9781,7.0301,13,5,24750000,3,1,0,0,0,0,music,0,0,0,0,0,0,0,0,0,1,1,1,1,1,0,0,2.4,1,0,4.9178,4950000.0,2,2,1,2.0519999999999996,2.2595
IL,42.055849,-87.694664,2.5534,6.3945,6.6356,6.6356,15,2,12800000,1,0,0,0,0,1,software,1,0,0,0,0,0,0,0,0,0,0,0,1,1,0,0,2.0,1,1,3.8411,6400000.0,2,0,1,0.0,2.3458
CA,37.4305755,-122.0971389,4.2384,6.5753,7.0027,7.0027,10,2,30500000,1,1,0,0,0,0,enterprise,0,0,0,1,0,0,0,0,0,0,0,0,0,0,0,1,4.5,1,0,2.3369,15250000.0,1,0,1,0.0,1.5208
CA,33.133524,-117.254593,5.5671,8.5342,5.6055,7.8384,3,3,36300000,2,1,0,0,0,0,automotive,0,0,0,0,0,0,0,0,0,1,1,0,0,0,1,0,1.5,1,1,2.9671000000000003,12100000.0,1,1,1,2.2329,0.3515
CA,37.779281,-122.419236,2.1726,3.0849,3.0877,4.7753,7,3,6693782,3,1,0,0,0,0,real_estate,0,0,0,0,0,0,0,0,0,1,1,0,0,0,0,0,1.6667,1,0,0.9123000000000001,2231260.6666666665,0,1,1,1.6875999999999998,2.2691
CA,32.901049,-117.192656,11.4329,11.4329,0.0,0.0,1,1,20000000,0,1,0,0,0,0,hardware,0,0,0,0,0,0,0,0,0,1,0,0,0,0,1,0,5.0,1,1,0.0,20000000.0,1,0,0,0.0,0.0875
CA,37.316653,-122.05074,3.4767,3.4767,3.6849,5.6274,8,1,11370000,3,1,0,0,0,0,network_hosting,0,0,0,0,0,0,0,0,0,1,0,0,1,0,0,0,2.0,1,0,0.0,11370000.0,1,0,1,1.9425,2.301
CA,34.090368,-118.393064,0.5863,2.6384,3.5425,6.0712,13,3,16500000,4,1,0,0,0,0,web,0,1,0,0,0,0,0,0,0,0,0,0,1,1,1,0,1.3333,1,0,2.0521,5500000.0,3,0,1,2.5287,4.9272
CA,37.794891,-122.397901,0.0,0.0,3.411,3.411,3,1,250000,1,1,0,0,0,0,network_hosting,0,0,0,0,0,0,0,0,0,1,0,1,0,0,0,0,3.0,0,1,0.0,250000.0,0,1,1,0.0,6.0
NY,40.70438220000001,-73.98657170000001,0.5041,3.3562,3.4219,7.2274,9,5,14400000,5,0,1,0,0,0,web,0,1,0,0,0,0,0,0,0,0,0,1,1,1,0,0,5.8,1,0,2.8521,2880000.0,2,1,1,3.8055000000000003,2.6816
NY,40.756054,-73.986951,0.0,3.9562,4.7616,5.1507,24,5,90000000,3,0,1,0,0,0,enterprise,0,0,0,1,0,0,0,0,0,0,1,0,1,1,1,1,3.8,1,0,3.9562,18000000.0,4,1,1,0.3891,6.0664
CA,37.797435,-122.403175,1.0164,7.1534,5.6959,8.1781,10,4,13075000,2,1,0,0,0,0,advertising,0,0,0,0,1,0,0,0,0,0,0,0,1,1,0,0,4.0,1,0,6.1370000000000005,3268750.0,2,0,1,2.4822000000000006,1.3979
CA,37.388077,-122.08316,-0.4986,-0.4137,-0.4986,5.7699,10,2,26000000,4,1,0,0,0,0,games_video,0,0,0,0,0,1,0,0,0,0,0,0,1,0,1,0,2.5,1,0,0.08489999999999998,13000000.0,2,0,1,6.2684999999999995,20.0
MA,42.504817,-71.195611,3.1616,3.6904,3.0027,4.5041,6,2,16300000,2,0,0,1,0,0,enterprise,0,0,0,1,0,0,0,0,0,0,0,0,0,1,0,0,2.0,1,0,0.5287999999999999,8150000.0,1,0,1,1.5014000000000003,1.6258
TX,30.409765000000004,-97.75101,4.4521,7.2274,7.0055,7.0055,5,2,5992316,1,0,0,0,1,0,enterprise,0,0,0,1,0,0,0,0,0,0,1,0,1,0,0,0,2.0,0,0,2.7753000000000005,2996158.0,1,1,1,0.0,0.6918
CA,32.962655,-117.189656,3.0575,5.011,0.0,0.0,2,4,89400001,0,1,0,0,0,0,biotech,0,0,0,0,0,0,0,1,0,0,1,0,1,1,0,0,4.3333,1,0,1.9535,22350000.25,2,1,0,0.0,0.3991
CA,37.4233698,-122.09868590000002,0.8027,0.8027,5.3151,5.3151,4,1,1200000,1,1,0,0,0,0,software,1,0,0,0,0,0,0,0,0,0,0,0,1,0,0,0,1.0,0,1,0.0,1200000.0,1,0,1,0.0,4.9832
NY,40.729839,-73.991781,1.1836,1.3781,1.3288,3.1096,7,2,1900000,2,0,1,0,0,0,web,0,1,0,0,0,0,0,0,0,0,0,1,1,0,0,0,2.5,1,1,0.19450000000000012,950000.0,1,1,1,1.7808,5.0795
CA,37.779281,-122.419236,9.3534,12.4055,7.0055,11.3836,9,3,30300000,2,1,0,0,0,0,games_video,0,0,0,0,0,1,0,0,0,0,1,0,0,0,0,1,4.5,1,1,3.0520999999999994,10100000.0,1,1,1,4.3781,0.7255
NY,40.730646,-73.986614,2.0027,2.0027,0.0,0.0,4,1,500000,0,0,1,0,0,0,web,0,1,0,0,0,0,0,0,0,0,0,1,0,0,0,0,5.0,0,1,0.0,500000.0,0,1,0,0.0,1.9973
CA,34.049767,-118.459387,0.0,6.9671,6.4247,7.3562,19,5,74000000,2,1,0,0,0,0,network_hosting,0,0,0,0,0,0,0,0,0,1,0,1,1,1,1,1,1.75,1,0,6.9671,14800000.0,4,1,1,0.9315000000000007,2.7271
TX,32.945353999999995,-96.708874,7.1205,7.1205,0.0,0.0,3,1,18800000,0,0,0,0,1,0,semiconductor,0,0,0,0,0,0,0,0,0,1,0,0,0,0,1,0,7.0,1,0,0.0,18800000.0,1,0,0,0.0,0.4213
MI,42.8138649,-86.02384599999998,0.3288,0.3288,-0.4192,-0.4192,3,1,20000,1,0,0,0,0,1,web,0,1,0,0,0,0,0,0,0,0,0,1,0,0,0,0,1.0,0,1,0.0,20000.0,0,1,1,0.0,6.0
VA,38.969532,-77.385948,0.1616,2.1781,1.5096,2.1781,3,4,3350000,2,0,0,0,0,1,mobile,0,0,1,0,0,0,0,0,0,0,0,1,1,1,0,0,1.5,0,0,2.0165,837500.0,2,1,1,0.6685000000000001,1.3773
NJ,40.944543,-74.075419,5.0192,5.0192,0.0,0.0,1,1,26100000,0,0,0,0,0,1,biotech,0,0,0,0,0,0,0,1,0,0,1,0,0,0,0,0,2.0,1,0,0.0,26100000.0,0,1,0,0.0,0.1992
PA,40.441694,-79.990086,1.411,2.5151,0.0,0.0,0,2,1213066,0,0,0,0,0,1,enterprise,0,0,0,1,0,0,0,0,0,0,1,0,0,0,0,0,1.0,1,1,1.1040999999999999,606533.0,0,1,0,0.0,0.0
CA,37.425359,-122.1389633,0.8438,4.2219,0.7616,4.9288,18,3,24030000,3,1,0,0,0,0,advertising,0,0,0,0,1,0,0,0,0,0,0,0,1,1,0,0,3.6667,1,0,3.3781,8010000.0,2,0,1,4.167199999999999,4.2635
CA,37.764169,-122.402021,0.4986,3.4247,1.9863,5.9616,14,3,13100000,5,1,0,0,0,0,travel,0,0,0,0,0,0,0,0,0,1,0,1,0,1,1,0,1.6667,1,0,2.9261,4366666.666666667,2,1,1,3.9753,4.0879
NY,40.757929,-73.985506,0.0822,1.7671,0.3014,5.0082,6,3,560001,5,0,1,0,0,0,software,1,0,0,0,0,0,0,0,0,0,1,1,0,0,0,0,3.5,1,0,1.6848999999999998,186667.0,0,2,1,4.7068,3.3954
MN,44.9773,-93.265469,2.8493,2.8493,2.9068,4.1918,7,1,3500000,3,0,0,0,0,1,enterprise,0,0,0,1,0,0,0,0,0,0,0,0,1,0,0,0,2.0,1,0,0.0,3500000.0,1,0,1,1.2849999999999997,2.4567
MA,42.368633,-71.075305,0.1616,7.5041,7.0521,8.6192,45,7,121500000,3,0,0,1,0,0,mobile,0,0,1,0,0,0,0,0,0,0,1,0,1,1,1,1,4.5,1,0,7.3425,17357142.85714286,4,1,1,1.567099999999999,5.9967
CA,37.40909600000001,-121.94319099999998,0.9726,3.8438,2.0,2.0,18,4,42500000,1,1,0,0,0,0,mobile,0,0,1,0,0,0,0,0,0,0,1,0,1,1,1,0,2.5,1,0,2.8712,10625000.0,3,1,1,0.0,4.6829
NC,35.996653,-78.90180500000002,5.4384,6.4192,6.0055,6.0055,26,2,36000000,1,0,0,0,0,1,software,1,0,0,0,0,0,0,0,0,0,1,0,0,0,0,1,3.5,1,0,0.9808000000000003,18000000.0,1,1,1,0.0,4.0503
CA,37.793949,-122.398062,2.5973,2.5973,2.9178,5.4822,7,1,12170000,2,1,0,0,0,0,enterprise,0,0,0,1,0,0,0,0,0,0,0,0,0,0,1,0,3.0,1,1,0.0,12170000.0,1,0,1,2.5643999999999996,2.6951
NY,40.730646,-73.986614,5.7534,5.7534,8.0055,9.8356,4,1,1000000,2,0,1,0,0,0,software,1,0,0,0,0,0,0,0,0,0,0,0,1,0,0,0,3.0,1,0,0.0,1000000.0,1,0,1,1.8300999999999998,0.6952
CA,38.88521,-76.998641,3.337,3.937,-2.4986,4.7205,5,3,1820000,4,1,0,0,0,0,mobile,0,0,1,0,0,0,0,0,0,0,0,1,0,0,0,0,1.0,0,0,0.5999999999999996,606666.6666666666,0,1,1,7.219100000000001,1.27
WA,30.6324797,-86.9843446,4.6,9.4164,5.2575,9.7753,19,4,5700000000,2,0,0,0,0,1,mobile,0,0,1,0,0,0,0,0,0,0,0,0,0,0,0,0,4.25,1,0,4.8164,1425000000.0,0,0,1,4.517799999999999,2.0178
TX,32.960431,-96.83026,6.9699,6.9699,0.0849,11.9699,6,1,5000000,2,0,0,0,1,0,security,0,0,0,0,0,0,0,0,0,1,0,0,0,0,1,0,5.0,1,0,0.0,5000000.0,1,0,1,11.885000000000002,0.8608
NY,40.750519,-73.993494,0.8384,1.4055,1.6356,1.6356,4,2,18800000,1,0,1,0,0,0,fashion,0,0,0,0,0,0,0,0,0,1,0,0,1,1,0,0,2.5,1,0,0.5670999999999999,9400000.0,2,0,1,0.0,2.846
CA,37.406914,-122.09037,2.3452,3.3534,0.0,0.0,3,2,72300000,0,1,0,0,0,0,advertising,0,0,0,0,1,0,0,0,0,0,0,0,0,1,1,0,4.5,1,0,1.0082,36150000.0,2,0,0,0.0,0.8946
CA,33.685697,-117.825982,-0.1369999999999999,3.1452,-2.0932,4.4082,3,3,1310000,4,1,0,0,0,0,social,0,0,0,0,0,0,0,0,0,1,0,1,0,0,0,0,1.0,0,0,3.2822,436666.6666666667,0,1,1,6.5014,0.9538
MA,42.479262,-71.152277,2.4164,4.7753,4.0027,4.0027,2,2,15000000,1,0,0,1,0,0,software,1,0,0,0,0,0,0,0,0,0,0,0,1,1,0,0,2.5,1,1,2.3588999999999998,7500000.0,2,0,1,0.0,0.4188
NY,40.75166110000001,-73.9843328,2.2521,4.7397,5.3370000000000015,7.274,22,3,39007789,5,0,1,0,0,0,enterprise,0,0,0,1,0,0,0,0,0,0,0,0,1,1,1,0,3.0,1,0,2.4876,13002596.333333334,3,0,1,1.9369999999999985,4.6416
MA,42.504817,-71.195611,2.0685,2.0685,-1.9151,-1.9151,3,1,25000000,1,0,0,1,0,0,software,1,0,0,0,0,0,0,0,0,0,0,0,0,0,0,1,5.0,1,0,0.0,25000000.0,1,0,1,0.0,1.4503
MA,42.360253,-71.058291,0.3288,2.0932,1.3288,2.7534,4,3,172500,2,0,0,1,0,0,web,0,1,0,0,0,0,0,0,0,0,0,1,0,0,0,0,1.0,0,0,1.7644,57500.0,0,1,1,1.4246,1.9109
NY,40.730646,-73.986614,1.6658,2.1123,2.3041,3.5507,23,2,6100000,2,0,1,0,0,0,social,0,0,0,0,0,0,0,0,0,1,0,0,1,1,0,0,1.0,1,0,0.4464999999999999,3050000.0,2,0,1,1.2466,10.8886
CA,37.862592,-122.493561,2.2192,7.9315,1.6685,9.0904,7,3,40300000,5,1,0,0,0,0,mobile,0,0,1,0,0,0,0,0,0,0,1,0,0,1,1,0,4.0,1,0,5.7123,13433333.333333334,2,1,1,7.421900000000001,0.8826
CA,34.098242,-118.35697,0.3616,0.3616,0.3753,0.5425,9,1,100000,3,1,0,0,0,0,ecommerce,0,0,0,0,0,0,1,0,0,0,0,1,0,0,0,0,1.0,0,1,0.0,100000.0,0,1,1,0.16719999999999996,18.0
WA,47.6399006,-122.1914274,0.3342,5.4904,2.7507,5.589,14,5,19389998,2,0,0,0,0,1,education,0,0,0,0,0,0,0,0,0,1,1,0,1,1,1,0,1.5,1,0,5.1562,3877999.6,3,1,1,2.8383000000000003,2.5499
CA,37.626166,-122.411025,2.4822,4.8192,5.5863,11.9452,21,2,61500000,3,1,0,0,0,0,hardware,0,0,0,0,0,0,0,0,0,1,0,0,0,1,0,1,4.0,1,0,2.337,30750000.0,2,0,1,6.3589,4.3576
CA,37.779281,-122.419236,3.4411,3.4411,4.0027,5.7178,6,1,6000000,2,1,0,0,0,0,software,1,0,0,0,0,0,0,0,0,0,0,0,1,0,0,0,2.0,1,0,0.0,6000000.0,1,0,1,1.7151000000000005,1.7436
MA,42.360253,-71.058291,-0.0027,5.0055,4.9507,7.3726,23,4,19100000,6,0,0,1,0,0,mobile,0,0,1,0,0,0,0,0,0,0,0,0,1,1,1,0,2.5,1,0,5.0081999999999995,4775000.0,3,0,1,2.4219,4.5949
NY,40.756054,-73.986951,0.2219,2.0548,0.0411,3.9178,8,4,3499997,3,0,1,0,0,0,advertising,0,0,0,0,1,0,0,0,0,0,1,0,1,0,0,0,1.5,1,0,1.8329000000000002,874999.25,1,1,1,3.8767,3.8933
CA,37.502742,-122.211281,1.2521,1.874,4.7178,5.0959,13,3,2600000,2,1,0,0,0,0,network_hosting,0,0,0,0,0,0,0,0,0,1,0,1,1,0,0,0,3.6667,1,0,0.6219000000000001,866666.6666666666,1,1,1,0.3780999999999999,6.937
CA,37.779281,-122.419236,-0.4466,1.1479,3.0603,3.7479,14,3,2023000,2,1,0,0,0,0,web,0,1,0,0,0,0,0,0,0,0,0,1,1,0,0,0,1.3333,1,0,1.5945,674333.3333333334,1,1,1,0.6876000000000002,12.1962
CA,33.685697,-117.825982,5.1068,5.1068,0.0,0.0,3,1,25000000,0,1,0,0,0,0,semiconductor,0,0,0,0,0,0,0,0,0,1,1,0,0,0,0,0,4.0,1,0,0.0,25000000.0,0,1,0,0.0,0.5875
CA,34.019657,-118.487549,0.7205,3.5945,2.8384,4.0192,17,4,66000000,4,1,0,0,0,0,fashion,0,0,0,0,0,0,0,0,0,1,1,0,1,1,1,0,2.3333,1,0,2.874,16500000.0,3,1,1,1.1807999999999996,4.7294
NY,40.74929,-73.981328,1.4192,1.4466,1.663,1.663,5,2,1000000,1,0,1,0,0,0,advertising,0,0,0,0,1,0,0,0,0,0,0,1,0,0,0,0,3.5,0,0,0.02740000000000009,500000.0,0,1,1,0.0,3.4564
CA,37.424298,-122.139809,1.3288,2.063,3.2493,3.7836,11,2,13000000,2,1,0,0,0,0,mobile,0,0,1,0,0,0,0,0,0,0,0,0,1,1,0,0,3.0,1,0,0.7342000000000002,6500000.0,2,0,1,0.5343,5.332
MA,42.37564,-71.2358,7.6932,14.0329,12.5041,14.0329,3,3,24150000,2,0,0,1,0,0,software,1,0,0,0,0,0,0,0,0,0,1,0,1,1,0,0,2.3333,1,1,6.3397,8050000.0,2,1,1,1.5288000000000004,0.2138
CA,37.354469,-121.990433,5.8411,8.2219,0.0,0.0,4,3,47218498,0,1,0,0,0,0,semiconductor,0,0,0,0,0,0,0,0,0,1,1,0,0,0,1,1,3.3333,1,1,2.3808,15739499.333333334,2,1,0,0.0,0.4865
MA,42.37564,-71.2358,3.6137,4.3753,0.0,7.9178,1,2,11800000,2,0,0,1,0,0,search,0,0,0,0,0,0,0,0,0,1,0,0,0,0,1,1,4.5,1,0,0.7616,5900000.0,2,0,1,7.9178,0.2286
NV,35.96544,-115.106579,1.5973,2.1781,0.0822,0.0822,2,2,2387481,1,0,0,0,0,1,analytics,0,0,0,0,0,0,0,0,0,1,1,0,0,0,0,0,1.0,1,1,0.5808000000000002,1193740.5,0,1,1,0.0,0.9182
MA,42.346743,-71.07663199999998,0.8356,7.5863,11.589,13.5863,35,4,33000000,5,0,0,1,0,0,consulting,0,0,0,0,0,0,0,0,1,0,1,0,1,1,1,0,2.5,1,0,6.750699999999999,8250000.0,3,1,1,1.9972999999999992,4.6136
VA,38.872668,-77.367981,2.6712,3.8822,4.0027,7.3205,4,2,7500000,3,0,0,0,0,1,software,1,0,0,0,0,0,0,0,0,0,0,0,1,1,0,0,1.5,1,0,1.2110000000000003,3750000.0,2,0,1,3.3178,1.0303
CA,37.404788,-121.940842,6.7479,6.7479,4.0027,4.0027,3,1,25000000,1,1,0,0,0,0,biotech,0,0,0,0,0,0,0,1,0,0,0,0,0,0,1,0,1.0,1,0,0.0,25000000.0,1,0,1,0.0,0.4446
CA,37.386778,-121.966277,3.7096,8.9562,4.0027,4.0027,7,4,25305000,1,1,0,0,0,0,software,1,0,0,0,0,0,0,0,0,0,1,0,1,1,1,0,2.0,1,0,5.246600000000001,6326250.0,3,1,1,0.0,0.7816
CA,37.444531,-122.163352,0.8356,1.8986,2.3014,3.8356,21,2,4950000,3,1,0,0,0,0,web,0,1,0,0,0,0,0,0,0,0,0,1,1,0,0,0,12.5,1,0,1.0630000000000002,2475000.0,1,1,1,1.5341999999999998,11.0608
CA,37.37968400000001,-121.97514,2.2712,6.3781,0.0,0.0,8,6,53816776,0,1,0,0,0,0,software,1,0,0,0,0,0,0,0,0,0,1,0,0,1,1,1,5.0,1,0,4.1068999999999996,8969462.666666666,3,1,0,0.0,1.2543
NY,37.809782,-122.417306,-0.1671,0.9151,2.674,8.3836,15,2,3500000,4,0,1,0,0,0,web,0,1,0,0,0,0,0,0,0,0,0,0,1,1,0,0,5.5,1,0,1.0822,1750000.0,2,0,1,5.7096,16.3917
CA,37.388869,-122.072353,5.0767,5.0767,4.7562,6.0466,7,1,5000000,2,1,0,0,0,0,enterprise,0,0,0,1,0,0,0,0,0,0,0,0,1,0,0,0,1.0,0,0,0.0,5000000.0,1,0,1,1.2904,1.3788
CA,37.384756,-122.087712,0.0,2.5397,3.7699,5.9233,9,3,2515000,3,1,0,0,0,0,network_hosting,0,0,0,0,0,0,0,0,0,1,1,1,1,0,0,0,1.6667,1,0,2.5397,838333.3333333334,1,2,1,2.1534000000000004,3.5437
MA,42.6161515,-71.3258687,1.0849,2.4986,2.5205,5.0192,10,2,8400000,3,0,0,1,0,0,web,0,1,0,0,0,0,0,0,0,0,0,0,1,1,0,0,2.0,1,0,1.4137000000000002,4200000.0,2,0,1,2.4986999999999995,4.0022
CA,34.01695,-118.451933,2.5836,4.0027,2.0301,4.6164,5,2,4900000,3,1,0,0,0,0,mobile,0,0,1,0,0,0,0,0,0,0,0,0,1,1,0,0,1.0,1,1,1.4190999999999998,2450000.0,2,0,1,2.5862999999999996,1.2492
WA,47.614422,-122.192337,4.2959,4.2959,5.0027,5.0027,3,1,5000000,1,0,0,0,0,1,software,1,0,0,0,0,0,0,0,0,0,1,0,0,0,0,0,5.0,1,1,0.0,5000000.0,0,1,1,0.0,0.6983
NY,40.825655,-73.46762199999998,4.4904,4.4904,0.0,0.0,2,1,11000000,0,0,1,0,0,0,public_relations,0,0,0,0,0,0,0,0,0,1,0,0,0,0,1,0,3.0,1,0,0.0,11000000.0,1,0,0,0.0,0.4454
CA,37.381876,-121.95993,1.0027,8.2548,0.0,0.0,6,4,68400000,0,1,0,0,0,0,mobile,0,0,1,0,0,0,0,0,0,0,1,0,1,0,1,1,4.0,1,0,7.2520999999999995,17100000.0,3,1,0,0.0,0.7268
CA,37.779281,-122.419236,3.0877,4.2795,3.6356,4.6685,7,2,2000000,2,1,0,0,0,0,software,1,0,0,0,0,0,0,0,0,0,0,1,1,0,0,0,8.5,1,0,1.1917999999999997,1000000.0,1,1,1,1.0328999999999997,1.6357
NY,40.730646,-73.986614,0.6685,1.926,0.0,0.0,2,2,10800000,1,0,1,0,0,0,enterprise,0,0,0,1,0,0,0,0,0,0,1,0,1,0,0,0,2.0,1,1,1.2574999999999998,5400000.0,1,1,1,0.0,1.0384
NY,40.729839,-73.991781,-0.0219,5.2329,5.7616,7.4877,31,5,37000000,3,0,1,0,0,0,news,0,0,0,0,0,0,0,0,0,1,1,0,1,1,1,0,2.5,1,0,5.2547999999999995,7400000.0,3,1,1,1.7261000000000006,5.9241
CA,37.419347,-122.089639,2.5233,2.5233,4.0027,9.8849,5,1,7660000,3,1,0,0,0,0,security,0,0,0,0,0,0,0,0,0,1,0,0,1,0,0,0,6.0,1,0,0.0,7660000.0,1,0,1,5.8822,1.9815
MA,42.537592,-71.51201,0.3397,5.2247,3.0,6.0329,5,4,48730000,3,0,0,1,0,0,software,1,0,0,0,0,0,0,0,0,0,1,0,1,1,1,0,3.0,1,0,4.885000000000001,12182500.0,3,1,1,3.0328999999999997,0.957
CA,34.054935,-118.244476,0.0,1.4137,1.4137,1.4137,1,2,3350000,1,1,0,0,0,0,messaging,0,0,0,0,0,0,0,0,0,1,0,1,1,0,0,0,2.5,1,1,1.4137,1675000.0,1,1,1,0.0,0.7074
CA,34.141876,-118.132377,3.8767,7.1973,2.6658,7.1973,3,4,28000000,2,1,0,0,0,0,ecommerce,0,0,0,0,0,0,1,0,0,0,1,0,0,1,1,0,3.0,1,1,3.3206,7000000.0,2,1,1,4.5315,0.4168
TX,30.2702703,-97.742204,1.4959,1.4959,2.0849,2.0849,5,1,2500000,1,0,0,0,1,0,analytics,0,0,0,0,0,0,0,0,0,1,0,0,1,0,0,0,2.0,1,0,0.0,2500000.0,1,0,1,0.0,3.3425
IL,41.889474,-87.628912,0.3315,1.1644,2.0795,9.3507,16,2,8000000,4,0,0,0,0,1,web,0,1,0,0,0,0,0,0,0,0,0,0,1,1,0,0,4.0,1,0,0.8329000000000001,4000000.0,2,0,1,7.2712,13.741
NY,40.73901,-73.997259,0.5836,1.6521,0.6329,4.263,6,2,540000,2,0,1,0,0,0,web,0,1,0,0,0,0,0,0,0,0,0,1,0,0,0,0,2.5,1,0,1.0684999999999998,270000.0,0,1,1,3.6300999999999997,3.6317
CA,37.780716,-122.39391299999998,0.0,1.2466,1.0,5.4384,4,2,3100000,4,1,0,0,0,0,games_video,0,0,0,0,0,1,0,0,0,0,0,1,1,0,0,0,2.0,1,0,1.2466,1550000.0,1,1,1,4.4384,3.2087
NY,40.750519,-73.993494,1.0904,2.326,2.8301,4.6904,8,2,1200000,2,0,1,0,0,0,mobile,0,0,1,0,0,0,0,0,0,0,0,1,1,0,0,0,6.0,1,0,1.2356,600000.0,1,1,1,1.8603000000000005,3.4394
NY,40.752516,-73.973072,0.0,0.0,0.1096,0.1096,2,1,5000000,1,0,1,0,0,0,games_video,0,0,0,0,0,1,0,0,0,0,0,0,1,0,0,0,2.0,0,1,0.0,5000000.0,1,0,1,0.0,4.0
CA,37.785655,-122.398393,0.6658,7.3753,2.3726,2.3726,6,6,37079000,1,1,0,0,0,0,security,0,0,0,0,0,0,0,0,0,1,1,0,0,0,1,1,3.8,1,0,6.7095,6179833.333333333,2,1,1,0.0,0.8135
MA,42.528635,-71.27802199999998,4.3315,11.1699,8.7041,8.7068,3,4,135826373,2,0,0,1,0,0,other,0,0,0,0,0,0,0,0,0,1,0,0,0,1,0,1,4.3333,1,0,6.8384,33956593.25,2,0,1,0.0026999999999990365,0.2686
CA,32.88945,-117.166929,-0.3342,0.2301,0.0,0.0,5,2,5000000,0,1,0,0,0,0,mobile,0,0,1,0,0,0,0,0,0,0,1,1,0,0,0,0,1.0,1,1,0.5643,2500000.0,0,2,0,0.0,10.0
NY,40.728425,-73.999882,0.2082,1.0849,0.1616,2.6521,3,4,4200000,3,0,1,0,0,0,software,1,0,0,0,0,0,0,0,0,0,0,1,1,0,0,0,3.0,1,0,0.8767,1050000.0,1,1,1,2.4905,2.7652
WA,47.59896810000001,-122.33290359999998,3.5808,3.5808,-1.0027,7.5918,3,1,4100000,3,0,0,0,0,1,web,0,1,0,0,0,0,0,0,0,0,1,0,0,0,0,0,1.0,1,1,0.0,4100000.0,0,1,1,8.5945,0.8378
CA,37.222698,-121.979887,0.7726,0.7726,0.3123,1.1479,3,1,2000000,2,1,0,0,0,0,web,0,1,0,0,0,0,0,0,0,0,0,0,0,0,0,0,1.0,0,1,0.0,2000000.0,0,0,1,0.8355999999999999,3.883
CO,39.937989,-105.058729,5.0027,5.0027,5.4986,5.4986,3,1,6500000,1,0,0,0,0,1,software,1,0,0,0,0,0,0,0,0,0,1,0,0,0,0,0,1.0,1,0,0.0,6500000.0,0,1,1,0.0,0.5997
CA,37.561111,-122.27048700000002,1.4521,1.4521,0.0,0.0,0,1,4000000,0,1,0,0,0,0,web,0,1,0,0,0,0,0,0,0,0,0,0,1,0,0,0,3.0,0,1,0.0,4000000.0,1,0,0,0.0,0.0
CA,37.391642,-122.09393500000002,0.2466,1.0,1.1616,1.1616,3,5,185000,1,1,0,0,0,0,mobile,0,0,1,0,0,0,0,0,0,0,1,1,0,0,0,0,2.0,1,1,0.7534,37000.0,0,2,1,0.0,3.0
OR,45.520247,-122.674195,2.6959,2.6959,3.2192,4.0027,5,1,1300000,2,0,0,0,0,1,mobile,0,0,1,0,0,0,0,0,0,0,0,0,1,0,0,0,1.0,0,0,0.0,1300000.0,1,0,1,0.7835000000000001,1.8547
NY,40.74632,-73.982607,3.7945,3.7945,0.0,0.0,21,1,45000000,0,0,1,0,0,0,advertising,0,0,0,0,1,0,0,0,0,0,0,0,0,1,0,0,1.0,0,0,0.0,45000000.0,1,0,0,0.0,5.5343
MA,42.360253,-71.058291,2.3041,2.3041,-0.3342,2.3589,4,1,2500000,3,0,0,1,0,0,search,0,0,0,0,0,0,0,0,0,1,0,0,1,0,0,0,2.0,1,0,0.0,2500000.0,1,0,1,2.6931000000000003,1.736
TX,30.280148,-97.749908,0.5808,2.737,1.9151,4.6603,11,2,9200000,2,0,0,0,1,0,web,0,1,0,0,0,0,0,0,0,0,0,0,1,1,0,0,1.0,1,0,2.1562,4600000.0,2,0,1,2.7452000000000005,4.019
CA,34.066697,-118.383367,-1.4712,-0.1369999999999999,0.0,0.0,0,4,435953,0,1,0,0,0,0,web,0,1,0,0,0,0,0,0,0,0,0,1,0,0,0,0,1.0,0,1,1.3342,108988.25,0,1,0,0.0,0.0
CT,54.983201,-1.574631,-1.0,0.0,-1.5863,0.863,9,2,55600000,2,0,0,0,0,1,network_hosting,0,0,0,0,0,0,0,0,0,1,0,0,1,1,0,0,2.0,0,1,1.0,27800000.0,2,0,1,2.4493,18.0
CO,39.616435,-104.879925,6.263,6.263,1.0,1.0,2,1,10000000,1,0,0,0,0,1,software,1,0,0,0,0,0,0,0,0,0,1,0,0,0,0,0,1.0,0,0,0.0,10000000.0,0,1,1,0.0,0.3193
WA,47.603832,-122.330062,0.8329,0.8329,0.6658,0.6658,3,1,12000,1,0,0,0,0,1,games_video,0,0,0,0,0,1,0,0,0,0,0,1,0,0,0,0,1.0,1,1,0.0,12000.0,0,1,1,0.0,3.6019
MD,38.988766,-76.940952,4.0301,4.0849,0.0,0.0,3,2,2257464,0,0,0,0,0,1,biotech,0,0,0,0,0,0,0,1,0,0,1,0,0,0,0,0,1.0,0,1,0.05480000000000018,1128732.0,0,1,0,0.0,0.7344
NY,40.729839,-73.991781,0.1671,0.5288,0.1671,2.4438,4,2,983000,2,0,1,0,0,0,messaging,0,0,0,0,0,0,0,0,0,1,0,1,0,0,0,0,6.0,1,0,0.3617,491500.0,0,1,1,2.2767,7.5643
CA,34.054935,-118.244476,1.4466,2.5068,2.5014,3.6411,15,2,41000000,2,1,0,0,0,0,fashion,0,0,0,0,0,0,0,0,0,1,0,0,0,1,1,0,1.5,1,0,1.0602,20500000.0,2,0,1,1.1397,5.9837
TX,32.969251,-96.823778,3.6685,5.5589,0.0,0.0,0,3,9100000,0,0,0,0,1,0,software,1,0,0,0,0,0,0,0,0,0,1,0,0,1,1,0,1.0,0,1,1.8904000000000005,3033333.3333333335,2,1,0,0.0,0.0
CA,38.223032,-122.261642,2.4438,7.1973,-2.0575,6.8767,6,3,25500100,3,1,0,0,0,0,software,1,0,0,0,0,0,0,0,0,0,1,0,0,1,0,0,2.5,1,1,4.753500000000001,8500033.333333334,1,1,1,8.9342,0.8336
CA,37.779281,-122.419236,0.2959,0.2959,1.5863,1.6658,3,1,400000,2,1,0,0,0,0,web,0,1,0,0,0,0,0,0,0,0,0,1,0,0,0,0,1.0,1,0,0.0,400000.0,0,1,1,0.0794999999999999,6.0
NY,40.730646,-73.986614,4.737,8.3479,0.0,0.0,4,10,22165091,0,0,1,0,0,0,network_hosting,0,0,0,0,0,0,0,0,0,1,1,0,0,1,0,0,2.0,1,0,3.610899999999999,2216509.1,1,1,0,0.0,0.4792
CA,37.763652,-122.421778,0.1671,0.1671,0.6712,3.3151,4,1,500000,2,1,0,0,0,0,network_hosting,0,0,0,0,0,0,0,0,0,1,0,0,1,0,0,0,4.0,1,0,0.0,500000.0,1,0,1,2.6439000000000004,8.0
CA,37.393679,-122.079017,0.6629999999999999,5.8849,6.211,8.6082,29,5,70000000,4,1,0,0,0,0,web,0,1,0,0,0,0,0,0,0,0,0,0,1,1,1,1,2.8,1,0,5.2219,14000000.0,4,0,1,2.3971999999999998,4.9279
IL,42.048203,-88.03156899999998,1.2603,3.1781,2.8411,2.8411,6,2,4700000,1,0,0,0,0,1,security,0,0,0,0,0,0,0,0,0,1,1,0,1,0,0,0,1.0,1,0,1.9178000000000002,2350000.0,1,1,1,0.0,1.8879
MA,37.09024,-95.712891,2.0055,2.0055,0.0,0.0,1,1,30000000,1,0,0,1,0,0,ecommerce,0,0,0,0,0,0,1,0,0,0,1,0,0,0,0,0,2.0,1,0,0.0,30000000.0,0,1,1,0.0,0.4986
MA,42.447318,-71.2245,2.0658,9.3836,7.0055,7.0055,13,5,39000000,1,0,0,1,0,0,software,1,0,0,0,0,0,0,0,0,0,0,0,0,1,1,1,3.25,1,0,7.3178,7800000.0,3,0,1,0.0,1.3854
CA,37.381341,-121.977065,6.4356,9.0,10.0082,10.0082,10,3,32000000,1,1,0,0,0,0,semiconductor,0,0,0,0,0,0,0,0,0,1,0,0,0,0,0,1,3.0,1,0,2.5644,10666666.666666666,1,0,1,0.0,1.1111
MA,42.375518,-71.27229200000002,0.1151,1.1507,0.0,0.0,7,3,42000000,0,0,0,1,0,0,advertising,0,0,0,0,1,0,0,0,0,0,0,0,1,1,1,0,2.6667,1,0,1.0356,14000000.0,3,0,0,0.0,6.0833
CA,33.685697,-117.825982,4.3726,9.3616,4.0027,9.3616,5,3,24510540,2,1,0,0,0,0,enterprise,0,0,0,1,0,0,0,0,0,0,1,0,1,1,0,0,2.6667,1,0,4.988999999999999,8170180.0,2,1,1,5.358899999999999,0.5341
CA,37.441537,-122.158332,5.6548,5.6548,0.0,0.0,0,1,2500000,0,1,0,0,0,0,software,1,0,0,0,0,0,0,0,0,0,1,0,0,0,0,0,2.0,1,1,0.0,2500000.0,0,1,0,0.0,0.0
FL,28.0385347,-82.5068513,3.6027,7.926,8.5945,9.1096,1,3,21460663,2,0,0,0,0,1,software,1,0,0,0,0,0,0,0,0,0,0,0,0,1,1,1,4.5,1,0,4.3233,7153554.333333333,3,0,1,0.5151000000000003,0.1262
NY,40.730646,-73.986614,5.3507,5.3507,0.0,0.0,6,1,15000000,0,0,1,0,0,0,games_video,0,0,0,0,0,1,0,0,0,0,0,0,0,0,1,0,4.0,1,0,0.0,15000000.0,1,0,0,0.0,1.1213
CA,37.779281,-122.419236,1.4137,4.2795,1.3288,5.1836,5,2,889999,2,1,0,0,0,0,mobile,0,0,1,0,0,0,0,0,0,0,1,1,0,0,0,0,3.5,1,1,2.8657999999999997,444999.5,0,2,1,3.8548,1.1684
CA,37.573045,-122.2823,4.2219,4.2219,3.0,3.0,6,1,16000000,1,1,0,0,0,0,software,1,0,0,0,0,0,0,0,0,0,0,0,0,1,0,0,3.0,1,0,0.0,16000000.0,1,0,1,0.0,1.4212
CA,37.762185,-122.467269,2.4192,2.4192,2.5041,8.3973,5,1,7000000,4,1,0,0,0,0,web,0,1,0,0,0,0,0,0,0,0,0,0,0,1,0,0,2.0,1,0,0.0,7000000.0,1,0,1,5.893199999999999,2.0668
NY,40.730646,-73.986614,0.7479,0.7479,0.0,0.0,3,2,100000,0,0,1,0,0,0,advertising,0,0,0,0,1,0,0,0,0,0,0,1,0,0,0,0,1.0,0,1,0.0,50000.0,0,1,0,0.0,4.0112
NY,40.73901,-73.997259,1.9041,1.9041,1.9041,4.0027,13,1,1500000,3,0,1,0,0,0,music,0,0,0,0,0,0,0,0,0,1,0,0,1,0,0,0,1.0,0,0,0.0,1500000.0,1,0,1,2.0986000000000002,6.8274
WA,47.617838,-122.356027,6.0356,6.0356,10.4959,12.6137,19,1,8000000,4,0,0,0,0,1,web,0,1,0,0,0,0,0,0,0,0,1,0,0,0,0,0,1.0,1,0,0.0,8000000.0,0,1,1,2.117799999999999,3.148
CA,34.018275,-118.495025,0.2521,0.7425,4.2082,6.3479,22,2,4000000,4,1,0,0,0,0,web,0,1,0,0,0,0,0,0,0,0,0,0,1,1,0,0,3.0,1,0,0.49040000000000006,2000000.0,2,0,1,2.1397000000000004,29.6296
CA,37.7611016,-122.4160008,0.0164,0.0164,0.0,0.0,3,1,25000,0,1,0,0,0,0,web,0,1,0,0,0,0,0,0,0,0,0,1,0,0,0,0,1.0,0,1,0.0,25000.0,0,1,0,0.0,6.0
CA,37.484347,-122.225803,2.4301,9.0055,8.5781,10.0137,10,6,64630000,3,1,0,0,0,0,mobile,0,0,1,0,0,0,0,0,0,0,1,0,0,1,1,0,3.6667,1,0,6.5754,10771666.666666666,2,1,1,1.4356000000000009,1.1104
CA,40.787878000000006,-74.388207,1.0,3.6493,3.4986,3.4986,10,2,12100000,1,1,0,0,0,0,web,0,1,0,0,0,0,0,0,0,0,0,0,1,1,0,0,1.0,1,1,2.6493,6050000.0,2,0,1,0.0,2.7403
CA,37.779281,-122.419236,4.2192,5.6110000000000015,5.0027,5.0027,9,2,20000000,1,1,0,0,0,0,software,1,0,0,0,0,0,0,0,0,0,0,0,0,0,1,1,4.5,1,0,1.3918000000000017,10000000.0,2,0,1,0.0,1.604
TX,30.409765000000004,-97.75101,2.0301,9.3808,9.0055,9.0055,10,4,49600000,1,0,0,0,1,0,hardware,0,0,0,0,0,0,0,0,0,1,0,0,0,1,1,0,2.6667,1,1,7.350700000000001,12400000.0,2,0,1,0.0,1.066
CA,34.154942600000005,-118.6545471,7.5123,9.9479,0.4164,0.4164,3,5,51450000,1,1,0,0,0,0,games_video,0,0,0,0,0,1,0,0,0,0,1,0,0,0,0,1,5.6667,1,0,2.435600000000001,10290000.0,1,1,1,0.0,0.3016
CA,37.775206,-122.419209,-0.1808,2.5178,4.6904,4.6904,7,2,6300000,1,1,0,0,0,0,messaging,0,0,0,0,0,0,0,0,0,1,0,0,1,1,0,0,2.0,1,0,2.6986,3150000.0,2,0,1,0.0,2.7802
NY,40.750519,-73.993494,2.0,2.0,1.0274,3.1644,8,1,200000,3,0,1,0,0,0,mobile,0,0,1,0,0,0,0,0,0,0,0,1,0,0,0,0,2.0,1,1,0.0,200000.0,0,1,1,2.137,4.0
OH,39.099909,-84.504243,0.0,0.0,0.0,0.0,2,1,20000,1,0,0,0,0,1,fashion,0,0,0,0,0,0,0,0,0,1,0,1,0,0,0,0,1.0,0,1,0.0,20000.0,0,1,1,0.0,4.0
MA,42.492256,-71.13454899999998,0.0,3.3945,6.9781,9.2192,13,2,11600000,3,0,0,1,0,0,hardware,0,0,0,0,0,0,0,0,0,1,0,0,1,0,1,0,2.0,1,0,3.3945,5800000.0,2,0,1,2.2411000000000003,3.8297
CA,37.391727,-122.077597,0.1205,0.1205,-0.2438,5.263,6,1,9150000,2,1,0,0,0,0,web,0,1,0,0,0,0,0,0,0,0,0,0,1,0,0,0,2.0,1,0,0.0,9150000.0,1,0,1,5.5068,12.0
OH,39.099909,-84.504243,0.2849,0.2849,0.0,0.2849,2,1,1200000,2,0,0,0,0,1,advertising,0,0,0,0,1,0,0,0,0,0,0,0,1,0,0,0,4.0,1,1,0.0,1200000.0,1,0,1,0.2849,4.0
CA,34.054935,-118.244476,1.8301,1.8301,1.1616,1.1616,4,1,1700000,2,1,0,0,0,0,social,0,0,0,0,0,0,0,0,0,1,0,0,0,0,0,0,7.0,1,1,0.0,1700000.0,0,0,1,0.0,2.1857
CA,39.762314,-104.982256,0.5808,2.5123,0.5918,4.9699,9,3,1415000,4,1,0,0,0,0,social,0,0,0,0,0,0,0,0,0,1,1,1,0,0,0,0,1.0,1,0,1.9315000000000002,471666.6666666667,0,2,1,4.3781,3.5824
CA,37.7915,-122.40045,1.0849,3.1342,5.9178,7.9342,16,2,4200000,2,1,0,0,0,0,enterprise,0,0,0,1,0,0,0,0,0,0,0,0,1,1,0,0,1.5,1,0,2.0492999999999997,2100000.0,2,0,1,2.0164,5.105
MA,42.354023,-71.05809599999998,0.9151,1.6356,4.8521,6.0904,7,2,500000,2,0,0,1,0,0,web,0,1,0,0,0,0,0,0,0,0,0,1,1,0,0,0,2.0,0,0,0.7204999999999999,250000.0,1,1,1,1.2382999999999997,4.2798
TX,32.997114,-96.676137,5.9507,5.9507,0.0,0.0,1,1,21500000,0,0,0,0,1,0,public_relations,0,0,0,0,0,0,0,0,0,1,0,0,0,0,1,0,4.0,1,0,0.0,21500000.0,1,0,0,0.0,0.168
UT,40.3310529,-111.7276347,0.0411,1.5863,2.2795,4.3918,4,2,10000000,2,0,0,0,0,1,web,0,1,0,0,0,0,0,0,0,0,0,0,1,0,0,0,2.0,0,0,1.5452000000000001,5000000.0,1,0,1,2.1123,2.5216
CA,34.054935,-118.244476,1.0877,2.5616,4.0027,4.0027,7,2,9500000,1,1,0,0,0,0,software,1,0,0,0,0,0,0,0,0,0,0,0,1,1,0,0,2.5,1,1,1.4739,4750000.0,2,0,1,0.0,2.7327
NM,35.084103000000006,-106.650985,2.9808,5.211,0.0,0.0,4,2,13875001,0,0,0,0,0,1,cleantech,0,0,0,0,0,0,0,0,0,1,0,0,0,0,0,0,10.0,1,1,2.2302000000000004,6937500.5,0,0,0,0.0,0.7676
NJ,40.347054,-74.064306,10.9068,10.9068,9.2548,9.2548,5,1,275000,1,0,0,0,0,1,software,1,0,0,0,0,0,0,0,0,0,0,1,0,0,0,0,2.0,0,1,0.0,275000.0,0,1,1,0.0,0.4584
CA,37.426316,-122.141082,0.0849,5.0356,1.8329,1.8329,10,3,19743770,1,1,0,0,0,0,software,1,0,0,0,0,0,0,0,0,0,0,0,0,1,1,0,2.5,1,0,4.950699999999999,6581256.666666667,2,0,1,0.0,1.9859
MA,42.360253,-71.058291,2.0849,4.0192,2.5041,2.5041,5,5,1178000,1,0,0,1,0,0,software,1,0,0,0,0,0,0,0,0,0,0,1,0,0,0,0,5.0,1,0,1.9342999999999995,235600.0,0,1,1,0.0,1.244
CA,37.520592,-122.255907,0.7479,2.7945,2.0575,3.8356,5,3,25000000,2,1,0,0,0,0,security,0,0,0,0,0,0,0,0,0,1,0,0,1,1,0,0,2.0,1,0,2.0466,8333333.333333333,2,0,1,1.7780999999999998,1.7892
PA,40.60157589999999,-75.3611135,1.5863,3.1808,0.0,0.0,1,3,24150000,0,0,0,0,0,1,semiconductor,0,0,0,0,0,0,0,0,0,1,1,0,1,1,0,0,2.0,1,0,1.5945,8050000.0,2,1,0,0.0,0.3144
CA,37.382162,-122.036301,1.7479,3.5452,2.0,2.0,4,2,80000000,1,1,0,0,0,0,mobile,0,0,1,0,0,0,0,0,0,0,0,0,1,1,0,0,1.0,0,1,1.7973,40000000.0,2,0,1,0.0,1.1283
CA,37.354469,-121.990433,1.4164,3.326,4.4192,9.8164,11,2,36000000,3,1,0,0,0,0,hardware,0,0,0,0,0,0,0,0,0,1,0,0,1,1,0,0,3.5,1,0,1.9096,18000000.0,2,0,1,5.3972,3.3073
MO,38.703764,-90.443832,1.3973,1.3973,0.0,0.0,1,1,205000,0,0,0,0,0,1,network_hosting,0,0,0,0,0,0,0,0,0,1,0,1,0,0,0,0,1.0,0,1,0.0,205000.0,0,1,0,0.0,0.7157
CA,37.387845,-122.055197,-0.0438,4.211,6.4164,9.0658,27,4,28300000,4,1,0,0,0,0,web,0,1,0,0,0,0,0,0,0,0,0,0,1,1,1,1,2.5,1,0,4.2548,7075000.0,4,0,1,2.649399999999999,6.4118
CA,37.550954,-122.315396,-1.1836,-1.1836,0.8301,0.8301,1,1,2000000,1,1,0,0,0,0,web,0,1,0,0,0,0,0,0,0,0,0,0,0,0,0,0,1.0,0,1,0.0,2000000.0,0,0,1,0.0,2.0
CA,37.627971,-122.426804,0.7479,1.1616,2.4,8.8384,63,2,11500000,6,1,0,0,0,0,games_video,0,0,0,0,0,1,0,0,0,0,0,0,1,1,0,0,1.0,1,0,0.41369999999999996,5750000.0,2,0,1,6.4384,54.2355
NY,40.730646,-73.986614,0.8904,0.8904,1.3288,2.526,15,1,4000000,2,0,1,0,0,0,mobile,0,0,1,0,0,0,0,0,0,0,0,0,1,0,0,0,3.0,1,1,0.0,4000000.0,1,0,1,1.1971999999999998,16.8464
NY,40.74929,-73.981328,0.7151,0.7151,0.7479,2.011,2,1,500000,2,0,1,0,0,0,ecommerce,0,0,0,0,0,0,1,0,0,0,0,1,0,0,0,0,1.0,1,1,0.0,500000.0,0,1,1,1.2631000000000001,2.7968
TX,30.387275,-97.759511,0.7425,0.7425,1.1671,3.9151,9,1,4000000,2,0,0,0,1,0,search,0,0,0,0,0,0,0,0,0,1,0,0,1,0,0,0,2.0,1,1,0.0,4000000.0,1,0,1,2.7479999999999998,12.1212
NY,40.650104,-73.94958199999998,0.0,2.4274,2.4274,2.4986,8,2,9030000,2,0,1,0,0,0,web,0,1,0,0,0,0,0,0,0,0,0,1,1,0,0,0,4.0,1,1,2.4274,4515000.0,1,1,1,0.07120000000000015,3.2957
PA,39.952399,-75.16359,0.0658,4.3863,0.0,0.0,15,4,69900000,0,0,0,0,0,1,biotech,0,0,0,0,0,0,0,1,0,0,0,1,1,0,1,1,4.75,1,0,4.3205,17475000.0,3,1,0,0.0,3.4197
CA,34.050451,-118.437775,0.6658,0.6658,0.4192,0.4192,2,1,20000,1,1,0,0,0,0,messaging,0,0,0,0,0,0,0,0,0,1,0,1,0,0,0,0,1.0,0,1,0.0,20000.0,0,1,1,0.0,3.0039
IN,39.7672093,-86.1580785,3.6384,11.9041,10.9836,12.6822,29,7,238209999,3,0,0,0,0,1,software,1,0,0,0,0,0,0,0,0,0,1,0,0,0,0,0,2.0,1,0,8.265699999999999,34029999.85714286,0,1,1,1.6986000000000008,2.4361
MA,42.504817,-71.195611,3.1014,6.7342,4.0027,6.7342,3,3,14700000,2,0,0,1,0,0,medical,0,0,0,0,0,0,0,0,0,1,1,0,0,1,0,0,1.0,0,0,3.6328000000000005,4900000.0,1,1,1,2.7315000000000005,0.4455
CA,37.437328,-122.159928,-0.1288,0.8712,-0.5863,1.2137,4,3,430000,2,1,0,0,0,0,games_video,0,0,0,0,0,1,0,0,0,0,0,1,0,0,0,0,1.6667,0,0,1.0,143333.33333333334,0,1,1,1.8,4.5914
CA,37.538352,-122.299665,1.337,1.4219,0.5863,0.5863,5,2,1015000,1,1,0,0,0,0,enterprise,0,0,0,1,0,0,0,0,0,0,1,0,1,0,0,0,1.0,0,0,0.08489999999999998,507500.0,1,1,1,0.0,3.5164
CA,37.4484914,-122.1802812,0.4438,0.4438,0.8192,0.8192,2,1,1200000,1,1,0,0,0,0,web,0,1,0,0,0,0,0,0,0,0,1,0,0,0,0,0,2.0,1,1,0.0,1200000.0,0,1,1,0.0,4.0
PA,40.364273,-74.951278,1.8301,3.3288,3.274,7.6274,16,2,17100000,4,0,0,0,0,1,web,0,1,0,0,0,0,0,0,0,0,0,0,1,1,0,0,2.5,1,0,1.4987000000000001,8550000.0,2,0,1,4.3534,4.8065
CO,39.6478,-104.9875,4.6767,4.6767,5.9671,5.9671,0,1,50000000,1,0,0,0,0,1,web,0,1,0,0,0,0,0,0,0,0,1,0,0,0,0,0,4.0,1,0,0.0,50000000.0,0,1,1,0.0,0.0
CA,34.054935,-118.244476,0.6548,0.6548,0.0,0.0,3,1,900000,0,1,0,0,0,0,software,1,0,0,0,0,0,0,0,0,0,0,0,1,0,0,0,1.0,1,1,0.0,900000.0,1,0,0,0.0,4.5816
CA,37.563905,-122.324688,16.9863,16.9863,16.663,18.3233,7,1,6000000,2,1,0,0,0,0,network_hosting,0,0,0,0,0,0,0,0,0,1,0,0,1,0,0,0,1.0,1,1,0.0,6000000.0,1,0,1,1.6602999999999994,0.4121
NY,40.729839,-73.991781,0.7479,7.0904,8.0055,9.874,5,2,15100000,3,0,1,0,0,0,advertising,0,0,0,0,1,0,0,0,0,0,0,1,1,0,0,0,1.0,0,0,6.342499999999999,7550000.0,1,1,1,1.868500000000001,0.7052
CA,38.232583,-122.636465,1.0,8.8795,4.0027,9.1863,7,5,62600000,2,1,0,0,0,0,semiconductor,0,0,0,0,0,0,0,0,0,1,1,0,1,1,1,1,9.3333,1,0,7.8795,12520000.0,4,1,1,5.183599999999999,0.7883
CA,37.486368,-122.230116,1.8575,4.6027,3.9178,6.4301,15,4,14800000,3,1,0,0,0,0,mobile,0,0,1,0,0,0,0,0,0,0,1,0,0,1,1,0,2.25,1,0,2.7451999999999996,3700000.0,2,1,1,2.5123,3.259
CA,34.172904,-118.37403700000002,0.0411,3.1425,1.8466,4.4877,30,2,6875000,5,1,0,0,0,0,web,0,1,0,0,0,0,0,0,0,0,1,0,1,0,0,0,7.0,1,0,3.1014,3437500.0,1,1,1,2.6411000000000002,9.5465
TX,31.5682893,-97.1973664,0.8712,0.8712,0.0,0.0,1,1,30000,0,0,0,0,1,0,software,1,0,0,0,0,0,0,0,0,0,0,1,0,0,0,0,1.0,0,1,0.0,30000.0,0,1,0,0.0,1.1478
CA,37.386778,-121.966277,6.263,6.263,6.0055,6.0055,10,1,22200000,1,1,0,0,0,0,public_relations,0,0,0,0,0,0,0,0,0,1,0,0,0,0,0,0,9.0,1,1,0.0,22200000.0,0,0,1,0.0,1.5967
CO,40.0186731,-105.2762236,0.2055,0.4329,0.4685,2.9507,6,2,415000,2,0,0,0,0,1,network_hosting,0,0,0,0,0,0,0,0,0,1,0,1,0,0,0,0,1.0,1,0,0.22740000000000002,207500.0,0,1,1,2.4821999999999997,12.0
NY,40.743808,-73.983626,-0.1616,3.8329,3.0027,4.7014,16,4,27063781,4,0,1,0,0,0,web,0,1,0,0,0,0,0,0,0,0,0,0,1,1,1,0,3.5,1,0,3.9945,6765945.25,3,0,1,1.6986999999999997,4.1744
CA,34.394343,-119.51231,3.0877,3.0877,5.0027,5.0027,6,1,3100000,1,1,0,0,0,0,advertising,0,0,0,0,1,0,0,0,0,0,0,0,1,0,0,0,5.0,1,0,0.0,3100000.0,1,0,1,0.0,1.9432
CA,37.451124,-122.16626399999998,2.1616,3.2877,3.4986,7.6904,13,2,33000000,4,0,0,0,0,0,search,0,0,0,0,0,0,0,0,0,1,0,0,1,1,0,0,2.5,1,1,1.1261,16500000.0,2,0,1,4.191800000000001,3.9541
CA,37.430025,-122.09998,2.7753,5.0027,4.1644,10.7534,2,3,17400000,2,1,0,0,0,0,web,0,1,0,0,0,0,0,0,0,0,1,0,0,0,1,0,5.0,1,0,2.2274,5800000.0,1,1,1,6.5889999999999995,0.3998
CA,37.491356,-122.228843,0.0,3.3863,5.3973,8.7123,17,5,28300000,4,1,0,0,0,0,web,0,1,0,0,0,0,0,0,0,0,0,1,1,1,1,1,2.0,1,0,3.3863,5660000.0,4,1,1,3.3150000000000004,5.0202
CA,37.563585,-122.324621,-0.2493,2.1644,1.411,6.537000000000001,42,4,46800000,6,1,0,0,0,0,advertising,0,0,0,0,1,0,0,0,0,0,0,0,1,1,1,0,2.5,1,0,2.4137,11700000.0,3,0,1,5.126000000000001,19.4049
IL,41.879535,-87.624333,1.3288,2.0301,2.0,2.0301,5,3,1525000,2,0,0,0,0,1,ecommerce,0,0,0,0,0,0,1,0,0,0,0,1,0,0,0,0,2.6667,1,0,0.7013,508333.3333333333,0,1,1,0.030100000000000016,2.4629
NY,40.730646,-73.986614,0.3397,0.3397,0.5452,1.7151,9,1,1200000,3,0,1,0,0,0,travel,0,0,0,0,0,0,0,0,0,1,0,1,0,0,0,0,5.0,1,0,0.0,1200000.0,0,1,1,1.1699000000000002,18.0
CA,37.391642,-122.09393500000002,0.1781,4.0301,3.674,7.2438,6,3,12400000,4,1,0,0,0,0,web,0,1,0,0,0,0,0,0,0,0,1,0,1,1,0,0,1.6667,1,0,3.852,4133333.3333333335,2,1,1,3.5698000000000003,1.4888
PA,39.959721,-75.605964,4.5863,4.5863,0.0,0.0,1,1,100000,0,0,0,0,0,1,biotech,0,0,0,0,0,0,0,1,0,0,1,0,0,0,0,0,1.0,1,1,0.0,100000.0,0,1,0,0.0,0.218
CA,37.779281,-122.419236,2.2219,7.3288,7.0055,7.0055,4,3,11000000,1,1,0,0,0,0,software,1,0,0,0,0,0,0,0,0,0,1,1,0,1,0,0,1.6667,1,0,5.1068999999999996,3666666.6666666665,1,2,1,0.0,0.5458
TN,36.16223,-86.774353,1.3397,2.2795,1.0,1.0,3,2,675000,1,0,0,0,0,1,web,0,1,0,0,0,0,0,0,0,0,0,1,0,0,0,0,1.5,0,0,0.9398000000000002,337500.0,0,1,1,0.0,1.3161
CA,37.3725243,-122.035963,0.0,2.3863,0.0,0.0,5,2,13000000,0,1,0,0,0,0,software,1,0,0,0,0,0,0,0,0,0,0,0,1,1,0,0,2.5,1,0,2.3863,6500000.0,2,0,0,0.0,2.0953
NY,40.728425,-73.999882,0.7479,0.7479,1.0329,2.4986,5,1,3500000,2,0,1,0,0,0,social,0,0,0,0,0,0,0,0,0,1,0,0,0,0,0,0,2.0,1,0,0.0,3500000.0,0,0,1,1.4657000000000002,6.6854
MA,42.49173,-71.28179499999997,4.9342,4.9342,0.0,0.0,2,1,12000000,1,0,0,1,0,0,hardware,0,0,0,0,0,0,0,0,0,1,0,0,0,0,1,0,4.0,1,1,0.0,12000000.0,1,0,1,0.0,0.4053
CA,37.524422,-122.265869,0.5808,4.8521,0.9068,5.4164,10,5,78573646,4,1,0,0,0,0,games_video,0,0,0,0,0,1,0,0,0,0,0,0,1,1,1,0,4.3333,1,0,4.2713,15714729.2,3,0,1,4.509600000000001,2.061
TN,36.13996,-86.796377,0.4521,6.0822,3.7425,3.7425,2,3,15286415,1,0,0,0,0,1,photo_video,0,0,0,0,0,0,0,0,0,1,0,0,1,0,0,0,1.0,0,0,5.6301000000000005,5095471.666666667,1,0,1,0.0,0.3288
CA,37.79402,-122.4031242,0.7123,0.7123,1.5836,3.0027,5,1,3200000,3,1,0,0,0,0,web,0,1,0,0,0,0,0,0,0,0,0,0,1,0,0,0,1.0,1,0,0.0,3200000.0,1,0,1,1.4191,7.0195
WA,47.184901,-122.292141,0.0164,0.0164,0.0,0.0,1,1,30000,1,0,0,0,0,1,advertising,0,0,0,0,1,0,0,0,0,0,0,1,0,0,0,0,2.0,0,1,0.0,30000.0,0,1,1,0.0,2.0
CA,37.538352,-122.299665,0.0,10.8192,9.5863,9.5863,28,3,14650003,1,1,0,0,0,0,software,1,0,0,0,0,0,0,0,0,0,0,1,0,0,0,1,1.0,0,0,10.8192,4883334.333333333,1,1,1,0.0,2.588
CA,37.7710177,-122.4025976,3.1589,5.6712,9.0055,9.0055,9,2,23500000,1,1,0,0,0,0,software,1,0,0,0,0,0,0,0,0,0,1,0,0,1,0,0,5.0,1,0,2.5122999999999998,11750000.0,1,1,1,0.0,1.587
MA,42.493447,-71.514104,5.0082,5.0082,0.0,0.0,2,1,980000,0,0,0,1,0,0,software,1,0,0,0,0,0,0,0,0,0,0,0,0,0,0,0,1.0,0,1,0.0,980000.0,0,0,0,0.0,0.3993
CA,37.390956,-122.032795,3.1562,3.1562,0.0,0.0,0,1,20000000,0,1,0,0,0,0,hardware,0,0,0,0,0,0,0,0,0,1,0,0,0,1,0,0,3.0,1,1,0.0,20000000.0,1,0,0,0.0,0.0
WA,47.603327,-122.334983,-0.9178,-0.9178,0.0,0.0,4,1,1500000,0,0,0,0,0,1,web,0,1,0,0,0,0,0,0,0,0,0,0,0,0,0,0,3.0,0,1,0.0,1500000.0,0,0,0,0.0,8.0
CA,34.031328,-118.471463,4.1753,5.537000000000001,6.3836,6.3836,0,2,8000000,1,1,0,0,0,0,games_video,0,0,0,0,0,1,0,0,0,0,0,0,1,0,0,0,1.5,1,0,1.3617000000000008,4000000.0,1,0,1,0.0,0.0
CA,37.453687,-122.228595,0.326,4.6932,3.2548,4.6932,13,4,25200000,3,1,0,0,0,0,software,1,0,0,0,0,0,0,0,0,0,0,0,1,1,1,1,4.0,1,0,4.3672,6300000.0,4,0,1,1.4384000000000001,2.77
CA,37.552262,-122.292146,2.7507,4.589,7.9205,9.211,21,4,61000000,2,1,0,0,0,0,software,1,0,0,0,0,0,0,0,0,0,0,0,1,1,1,0,3.0,1,0,1.8383000000000003,15250000.0,3,0,1,1.2905000000000006,4.5762
CA,37.396312,-121.961396,1.337,4.3041,2.0822,5.8356,12,4,46300000,4,1,0,0,0,0,games_video,0,0,0,0,0,1,0,0,0,0,1,0,1,1,1,0,4.25,1,0,2.9671000000000003,11575000.0,3,1,1,3.7534000000000005,2.788
MD,38.963492,-77.091025,4.0274,8.2712,5.811,11.0986,15,4,24500000,5,0,0,0,0,1,software,1,0,0,0,0,0,0,0,0,0,0,0,0,1,1,1,4.3333,1,0,4.2438,6125000.0,3,0,1,5.287599999999999,1.8135
CA,37.496904,-122.333057,0.9863,1.6575,-1.3342,-1.3342,1,2,7500000,1,1,0,0,0,0,games_video,0,0,0,0,0,1,0,0,0,0,0,0,1,0,0,0,1.0,0,1,0.6712,3750000.0,1,0,1,0.0,0.6033
CA,37.557637,-122.28571399999998,3.2493,3.2493,3.8356,7.8959,19,1,14500000,3,1,0,0,0,0,enterprise,0,0,0,1,0,0,0,0,0,0,0,0,0,0,1,0,9.0,1,0,0.0,14500000.0,1,0,1,4.0603,5.8474
WA,47.5827803,-122.1548103,2.6493,2.6493,1.0,1.0,1,1,29000000,1,0,0,0,0,1,games_video,0,0,0,0,0,1,0,0,0,0,1,0,0,0,0,0,5.0,1,1,0.0,29000000.0,0,1,1,0.0,0.3775
CA,37.390233,-122.033741,0.0,3.3808,5.6795,5.6795,5,3,24000000,1,1,0,0,0,0,network_hosting,0,0,0,0,0,0,0,0,0,1,0,0,1,1,1,0,2.6667,1,0,3.3808,8000000.0,3,0,1,0.0,1.4789
CA,34.1411985,-118.7040908,5.3562,10.2082,8.0055,8.0055,2,4,81017493,1,1,0,0,0,0,semiconductor,0,0,0,0,0,0,0,0,0,1,1,0,0,0,1,1,5.6667,1,0,4.851999999999999,20254373.25,2,1,1,0.0,0.1959
CA,41.78942,-87.596232,1.8493,2.1726,2.1699,5.0822,4,2,1000000,3,1,0,0,0,0,analytics,0,0,0,0,0,0,0,0,0,1,0,1,0,0,0,0,4.5,1,0,0.32330000000000014,500000.0,0,1,1,2.9123,1.8411
CO,39.977763,-105.13193,1.1014,1.8712,2.6466,2.6959,14,2,12010000,2,0,0,0,0,1,software,1,0,0,0,0,0,0,0,0,0,1,0,1,0,0,0,2.5,1,0,0.7698,6005000.0,1,1,1,0.04930000000000012,7.4818
MA,42.479262,-71.152277,3.7562,3.7562,-1.0,8.674,2,1,22000000,3,0,0,1,0,0,mobile,0,0,1,0,0,0,0,0,0,0,0,0,0,0,1,0,4.0,1,0,0.0,22000000.0,1,0,1,9.674,0.5325
CA,37.459177,-122.173907,8.4493,8.4493,0.0,0.0,1,1,42700000,0,1,0,0,0,0,biotech,0,0,0,0,0,0,0,1,0,0,0,0,0,1,0,0,3.0,1,1,0.0,42700000.0,1,0,0,0.0,0.1184
CA,37.4587657,-122.1725191,5.9753,7.3918,4.0027,4.0027,5,3,80000000,1,1,0,0,0,0,software,1,0,0,0,0,0,0,0,0,0,1,0,0,0,0,1,4.0,1,0,1.4165,26666666.666666668,1,1,1,0.0,0.6764
CA,37.288326,-121.945633,1.1589,1.1589,-0.0658,2.9616,3,1,205000,3,1,0,0,0,0,web,0,1,0,0,0,0,0,0,0,0,0,1,0,0,0,0,7.0,1,0,0.0,205000.0,0,1,1,3.0273999999999996,2.5887
NY,40.730646,-73.986614,1.7644,1.7644,0.0,3.0849,5,1,3750000,2,0,1,0,0,0,analytics,0,0,0,0,0,0,0,0,0,1,0,0,1,0,0,0,1.0,1,0,0.0,3750000.0,1,0,1,3.0849,2.8338
CA,37.441537,-122.158332,0.0,0.6411,1.5836,3.0685,11,2,41000000,2,1,0,0,0,0,other,0,0,0,0,0,0,0,0,0,1,0,0,1,1,0,0,1.5,1,1,0.6411,20500000.0,2,0,1,1.4848999999999999,17.158
CA,37.393536,-122.076747,1.7781,2.3863,2.3123,4.6301,37,2,76000000,3,1,0,0,0,0,games_video,0,0,0,0,0,1,0,0,0,0,0,0,1,0,0,0,4.0,1,0,0.6081999999999999,38000000.0,1,0,1,2.3177999999999996,15.5052
MA,42.493447,-71.514104,0.0,2.7507,3.3315,5.2438,9,2,20000000,2,0,0,1,0,0,enterprise,0,0,0,1,0,0,0,0,0,0,0,0,1,1,0,0,1.0,1,0,2.7507,10000000.0,2,0,1,1.9123,3.2719
CA,37.779281,-122.419236,1.2877,3.8521,1.3945,4.2356,11,2,9356180,4,1,0,0,0,0,analytics,0,0,0,0,0,0,0,0,0,1,0,0,1,1,0,0,1.5,1,0,2.5644,4678090.0,2,0,1,2.8411,2.8556
NY,40.743662,-73.984268,-9.0466,-9.0466,-6.0466,-3.8822,6,1,100000,2,0,1,0,0,0,advertising,0,0,0,0,1,0,0,0,0,0,0,1,0,0,0,0,1.0,0,1,0.0,100000.0,0,1,1,2.1643999999999997,12.0
GA,33.7812614,-84.36756170000002,2.0767,4.6603,4.5836,4.726,9,2,13600000,2,0,0,0,0,1,software,1,0,0,0,0,0,0,0,0,0,0,0,0,1,1,0,3.0,1,0,2.5836,6800000.0,2,0,1,0.1424000000000003,1.9312
CA,37.7766184,-122.3938931,1.1671,1.1671,1.926,4.0137,19,1,3000000,4,1,0,0,0,0,advertising,0,0,0,0,1,0,0,0,0,0,0,0,1,0,0,0,2.0,1,0,0.0,3000000.0,1,0,1,2.0877,16.2797
CA,37.791564,-122.399981,1.874,6.4767,0.0,0.0,4,5,21138876,0,1,0,0,0,0,advertising,0,0,0,0,1,0,0,0,0,0,1,0,1,1,0,0,2.0,1,1,4.6027000000000005,4227775.2,2,1,0,0.0,0.6176
MA,42.36401400000001,-71.101375,0.1945,0.7836,1.211,2.3836,13,4,2345000,3,0,0,1,0,0,enterprise,0,0,0,1,0,0,0,0,0,0,0,1,1,0,0,0,5.75,1,0,0.5891,586250.0,1,1,1,1.1725999999999999,16.5901
CA,37.566123,-122.323045,0.7945,0.7945,2.0466,3.326,7,1,4000000,4,1,0,0,0,0,web,0,1,0,0,0,0,0,0,0,0,0,0,1,0,0,0,1.0,0,1,0.0,4000000.0,1,0,1,1.2793999999999999,8.8106
CA,37.406914,-122.09037,3.811,5.1781,1.7507,3.589,2,2,17000000,2,1,0,0,0,0,software,1,0,0,0,0,0,0,0,0,0,1,0,0,0,1,0,3.0,1,1,1.3670999999999998,8500000.0,1,1,1,1.8383,0.3862
NY,40.750519,-73.993494,1.8,1.8,1.9151,1.9151,8,1,1100000,1,0,1,0,0,0,web,0,1,0,0,0,0,0,0,0,0,0,1,0,0,0,0,8.0,1,0,0.0,1100000.0,0,1,1,0.0,4.4444
KY,38.046407,-84.497039,-0.2384,0.8493,0.9014,0.9014,3,4,59700,1,0,0,0,0,1,software,1,0,0,0,0,0,0,0,0,0,0,1,0,0,0,0,1.0,1,0,1.0877000000000001,14925.0,0,1,1,0.0,3.5323
CA,37.814202,-122.477959,-0.0082,-0.0082,2.9726,3.7041,12,1,2350000,3,1,0,0,0,0,enterprise,0,0,0,1,0,0,0,0,0,0,0,0,1,0,0,0,2.0,1,0,0.0,2350000.0,1,0,1,0.7315,24.0
VA,38.87804000000001,-77.436151,1.8822,1.8822,1.0,1.0,2,1,10000000,1,0,0,0,0,1,software,1,0,0,0,0,0,0,0,0,0,0,0,1,0,0,0,2.0,1,1,0.0,10000000.0,1,0,1,0.0,1.0626
CA,37.424298,-122.139809,0.6767,1.4493,0.0,0.0,2,2,21189,1,1,0,0,0,0,mobile,0,0,1,0,0,0,0,0,0,0,1,1,0,0,0,0,1.0,1,1,0.7726000000000001,10594.5,0,2,1,0.0,1.38
MA,42.3988661,-71.253781,2.4521,5.1562,7.6712,8.2219,7,3,28000000,2,0,0,1,0,0,software,1,0,0,0,0,0,0,0,0,0,0,0,1,1,1,0,2.6667,1,0,2.7041,9333333.333333334,3,0,1,0.5507,1.3576
CA,37.386778,-121.966277,3.3315,3.3315,0.0,0.0,0,1,9500000,0,1,0,0,0,0,software,1,0,0,0,0,0,0,0,0,0,1,0,0,0,0,0,2.0,0,1,0.0,9500000.0,0,1,0,0.0,0.0
CA,37.352313,-121.967982,1.7479,5.5616,2.2548,2.2548,5,3,69600000,1,1,0,0,0,0,semiconductor,0,0,0,0,0,0,0,0,0,1,1,0,0,1,0,1,7.6667,1,0,3.8137000000000003,23200000.0,2,1,1,0.0,0.899
VA,38.919954,-77.21249300000002,2.6822,6.4164,2.8411,7.2356,11,3,23500000,2,0,0,0,0,1,mobile,0,0,1,0,0,0,0,0,0,0,1,0,0,1,1,0,3.6667,1,0,3.7342000000000004,7833333.333333333,2,1,1,4.3945,1.7144
OR,45.413842,-122.725662,4.4712,4.4712,6.7534,6.7534,6,1,13000000,1,0,0,0,0,1,software,1,0,0,0,0,0,0,0,0,0,0,0,0,0,0,1,4.0,1,0,0.0,13000000.0,1,0,1,0.0,1.3419
NY,40.73901,-73.997259,1.5616,3.1562,3.0,3.4959,8,2,21750000,2,0,1,0,0,0,games_video,0,0,0,0,0,1,0,0,0,0,1,0,0,1,0,0,2.0,1,0,1.5946,10875000.0,1,1,1,0.4958999999999998,2.5347
PA,40.602206,-75.47127900000002,5.1644,5.1644,0.0,0.0,0,1,5750000,0,0,0,0,0,1,public_relations,0,0,0,0,0,0,0,0,0,1,0,0,0,0,1,0,4.0,1,1,0.0,5750000.0,1,0,0,0.0,0.0
ME,42.645342,-71.23454699999998,0.7342,1.1753,0.1616,0.1616,1,2,23400000,1,0,0,0,0,1,software,1,0,0,0,0,0,0,0,0,0,0,0,1,1,0,0,2.5,1,0,0.44110000000000005,11700000.0,2,0,1,0.0,0.8508
CA,37.48657100000001,-122.229161,1.0685,1.0685,0.8384,3.9918,4,1,4300000,3,1,0,0,0,0,advertising,0,0,0,0,1,0,0,0,0,0,0,0,1,0,0,0,2.0,1,1,0.0,4300000.0,1,0,1,3.1534,3.7436
TX,30.384453000000004,-97.709809,2.2082,4.6521,-0.6548,-0.6548,1,2,20000000,1,0,0,0,1,0,security,0,0,0,0,0,0,0,0,0,1,1,0,0,0,1,0,2.0,1,0,2.4438999999999997,10000000.0,1,1,1,0.0,0.215
CA,37.3777985,-121.9744545,4.2356,9.3616,5.0055,5.0055,16,2,51000000,1,1,0,0,0,0,biotech,0,0,0,0,0,0,0,1,0,0,0,0,0,0,1,0,3.5,1,0,5.1259999999999994,25500000.0,1,0,1,0.0,1.7091
MA,42.241765,-71.166164,3.6877,10.137,3.0027,3.0027,2,4,27101994,1,0,0,1,0,0,enterprise,0,0,0,1,0,0,0,0,0,0,1,0,0,1,0,0,4.6667,1,0,6.449300000000001,6775498.5,1,1,1,0.0,0.1973
CA,37.320309,-122.05004,5.1507,5.1507,4.0027,4.0027,6,1,6480000,1,1,0,0,0,0,public_relations,0,0,0,0,0,0,0,0,0,1,0,0,0,0,0,1,3.0,1,0,0.0,6480000.0,1,0,1,0.0,1.1649
CA,37.477037,-122.15164,0.4192,2.2329,2.2329,4.337,8,2,35000000,2,1,0,0,0,0,enterprise,0,0,0,1,0,0,0,0,0,0,0,0,1,1,0,0,2.5,1,0,1.8136999999999999,17500000.0,2,0,1,2.1041,3.5828
MA,42.358956,-71.054776,-3.5068,0.3945,-0.937,0.0849,5,3,11300000,2,0,0,1,0,0,web,0,1,0,0,0,0,0,0,0,0,1,0,0,1,1,0,1.0,1,1,3.9013,3766666.6666666665,2,1,1,1.0219,10.0
GA,33.956215,-83.987962,0.2986,0.2986,0.2986,0.2986,1,1,19000,1,0,0,0,0,1,ecommerce,0,0,0,0,0,0,1,0,0,0,0,1,0,0,0,0,1.0,0,1,0.0,19000.0,0,1,1,0.0,2.0
NJ,40.728158,-74.077642,1.6658,5.3014,5.8356,8.3534,27,6,78500000,3,0,0,0,0,1,ecommerce,0,0,0,0,0,0,1,0,0,0,0,0,1,1,1,1,3.4,1,0,3.6356,13083333.333333334,4,0,1,2.5178000000000003,5.093
NY,40.730646,-73.986614,0.1534,0.1534,0.0,0.0,4,1,600000,0,0,1,0,0,0,web,0,1,0,0,0,0,0,0,0,0,0,1,0,0,0,0,2.0,0,1,0.0,600000.0,0,1,0,0.0,8.0
MD,38.97864000000001,-76.492786,5.4932,6.5836,6.7534,6.7534,3,2,13000000,1,0,0,0,0,1,network_hosting,0,0,0,0,0,0,0,0,0,1,0,0,1,1,0,0,1.5,1,0,1.0903999999999998,6500000.0,2,0,1,0.0,0.4557
CA,37.386665,-122.084171,0.0,2.8356,2.9205,4.3096,7,5,43600000,3,1,0,0,0,0,search,0,0,0,0,0,0,0,0,0,1,0,0,1,1,1,1,3.0,1,1,2.8356,8720000.0,4,0,1,1.3890999999999996,2.4686
CA,37.776246,-122.4179223,0.3589,3.4712,3.3397,5.1918,38,5,142000000,3,1,0,0,0,0,enterprise,0,0,0,1,0,0,0,0,0,0,0,0,1,1,1,1,5.2,1,0,3.1123000000000003,28400000.0,4,0,1,1.8520999999999996,10.9472
CA,37.406914,-122.09037,2.1836,3.3068,2.7260000000000004,3.5425,6,2,2000000,2,1,0,0,0,0,web,0,1,0,0,0,0,0,0,0,0,1,0,1,0,0,0,1.5,1,0,1.1231999999999998,1000000.0,1,1,1,0.8164999999999996,1.8144
TX,30.354768,-97.798152,2.0,4.0466,6.0027,6.0027,4,3,26800000,1,0,0,0,1,0,software,1,0,0,0,0,0,0,0,0,0,0,0,1,1,1,0,3.0,1,0,2.0465999999999998,8933333.333333334,3,0,1,0.0,0.9885
CA,37.261986,-121.784279,1.2904,6.388999999999999,0.0,0.0,2,6,55900000,1,1,0,0,0,0,hardware,0,0,0,0,0,0,0,0,0,1,1,0,1,1,1,0,3.2,1,1,5.098599999999999,9316666.666666666,3,1,1,0.0,0.313
CA,37.386665,-122.084171,1.6027,2.8137,3.4301,7.411,14,2,11000000,3,1,0,0,0,0,mobile,0,0,1,0,0,0,0,0,0,0,0,0,1,1,0,0,2.0,1,0,1.2109999999999999,5500000.0,2,0,1,3.9808999999999997,4.9757
CA,37.386778,-121.966277,0.4137,2.474,3.0,3.0,19,3,31500000,1,1,0,0,0,0,enterprise,0,0,0,1,0,0,0,0,0,0,0,0,1,1,1,0,3.3333,1,0,2.0603000000000002,10500000.0,3,0,1,0.0,7.6799
DC,38.894955,-77.03664599999998,3.3863,3.3863,-0.0301,4.4274,4,1,1500000,2,0,0,0,0,1,enterprise,0,0,0,1,0,0,0,0,0,0,1,0,0,0,0,0,2.0,0,0,0.0,1500000.0,0,1,1,4.4575,1.1812
NY,40.729839,-73.991781,0.0082,1.1479,-0.0219,1.2274,5,3,900000,3,0,1,0,0,0,social,0,0,0,0,0,0,0,0,0,1,0,1,0,0,0,0,1.5,1,1,1.1397,300000.0,0,1,1,1.2493,4.3558
CA,37.2615879,-121.9578487,1.4603,6.3918,6.4192,6.4192,4,3,58000000,1,1,0,0,0,0,biotech,0,0,0,0,0,0,0,1,0,0,0,0,1,1,1,0,5.0,1,0,4.9315,19333333.333333332,3,0,1,0.0,0.6258
MA,42.48510200000001,-71.211568,0.4959,4.9671,1.0,4.5123,10,4,29050000,2,0,0,1,0,0,software,1,0,0,0,0,0,0,0,0,0,1,0,0,1,0,0,2.6667,1,0,4.4712000000000005,7262500.0,1,1,1,3.5122999999999998,2.0132
NV,36.170538,-115.101942,0.7589,2.4521,2.1644,2.9014,3,2,250000,2,0,0,0,0,1,news,0,0,0,0,0,0,0,0,0,1,0,1,0,0,0,0,1.5,1,0,1.6932,125000.0,0,1,1,0.7370000000000001,1.2234
CA,37.386778,-121.966277,3.6493,3.6493,0.0,0.0,2,1,21000000,0,1,0,0,0,0,software,1,0,0,0,0,0,0,0,0,0,0,0,0,0,1,0,4.0,1,1,0.0,21000000.0,1,0,0,0.0,0.5481
NY,40.907974,-73.84179,4.1671,7.4356,0.0,0.0,25,2,35000000,0,0,1,0,0,0,advertising,0,0,0,0,1,0,0,0,0,0,1,0,1,0,0,0,3.5,1,0,3.2685000000000004,17500000.0,1,1,0,0.0,3.3622
CA,37.779281,-122.419236,-0.0027,-0.0027,0.0356,0.0356,2,1,500000,1,1,0,0,0,0,web,0,1,0,0,0,0,0,0,0,0,0,1,0,0,0,0,1.0,0,1,0.0,500000.0,0,1,1,0.0,4.0
TX,32.997114,-96.676137,5.6110000000000015,6.474,4.0027,4.0027,3,2,30920000,1,0,0,0,1,0,public_relations,0,0,0,0,0,0,0,0,0,1,1,0,0,0,0,0,3.5,1,0,0.8629999999999987,15460000.0,0,1,1,0.0,0.4634
CA,37.409147,-122.01546299999998,2.0,8.0356,6.5863,6.5863,9,4,29288979,1,1,0,0,0,0,software,1,0,0,0,0,0,0,0,0,0,1,0,1,1,1,0,2.6667,1,0,6.0356000000000005,7322244.75,3,1,1,0.0,1.12
MA,42.6555302,-71.1455618,8.0986,12.3671,11.8411,12.0548,11,4,24200000,2,0,0,1,0,0,software,1,0,0,0,0,0,0,0,0,0,1,0,1,0,1,0,2.3333,1,1,4.268500000000001,6050000.0,2,1,1,0.21369999999999933,0.8895
CA,37.351894,-122.085807,1.0,1.0,1.2521,5.2548,4,1,1000000,3,1,0,0,0,0,web,0,1,0,0,0,0,0,0,0,0,0,0,1,0,0,0,1.0,0,0,0.0,1000000.0,1,0,1,4.002700000000001,4.0
MN,44.912723,-93.499059,1.0,3.0575,5.4192,5.4192,3,2,5550000,1,0,0,0,0,1,web,0,1,0,0,0,0,0,0,0,0,0,1,1,0,0,0,1.0,1,0,2.0575,2775000.0,1,1,1,0.0,0.9812
CA,37.4063024,-122.1088743,-0.1534,2.3425,0.063,1.5836,8,2,3000000,3,1,0,0,0,0,mobile,0,0,1,0,0,0,0,0,0,0,0,1,1,0,0,0,3.5,1,1,2.4959,1500000.0,1,1,1,1.5206,3.4152
CA,37.391642,-122.09393500000002,0.6767,1.9178,4.9781,6.6548,13,2,14300000,3,1,0,0,0,0,web,0,1,0,0,0,0,0,0,0,0,0,0,1,1,0,0,4.5,1,0,1.2410999999999999,7150000.0,2,0,1,1.6766999999999994,6.7786
CA,32.901049,-117.192656,4.2192,4.2192,0.0,0.0,0,1,1000000,0,1,0,0,0,0,network_hosting,0,0,0,0,0,0,0,0,0,1,1,0,0,0,0,0,2.0,0,1,0.0,1000000.0,0,1,0,0.0,0.0
CA,37.417002,-122.07871000000002,2.5644,3.389,8.1452,8.1452,7,2,11000000,1,1,0,0,0,0,software,1,0,0,0,0,0,0,0,0,0,1,0,0,1,0,0,1.5,1,0,0.8245999999999998,5500000.0,1,1,1,0.0,2.0655
NY,40.730646,-73.986614,2.0027,3.0027,2.0877,4.0685,7,2,2000000,3,0,1,0,0,0,photo_video,0,0,0,0,0,0,0,0,0,1,1,1,0,0,0,0,3.0,0,1,1.0,1000000.0,0,2,1,1.9808000000000003,2.3312
CA,40.234451,-111.658656,0.8301,2.7178,4.2466,4.7918,17,2,5000000,2,1,0,0,0,0,web,0,1,0,0,0,0,0,0,0,0,1,1,0,0,0,0,1.0,1,0,1.8877000000000002,2500000.0,0,2,1,0.5452000000000004,6.2551
CA,37.320309,-122.05004,2.0027,2.0027,3.6603,4.0795,12,1,11000000,2,1,0,0,0,0,enterprise,0,0,0,1,0,0,0,0,0,0,0,0,0,1,0,0,3.0,1,0,0.0,11000000.0,1,0,1,0.41920000000000046,5.9919
CA,37.445667,-122.166911,0.4192,3.4192,3.6027,4.8521,19,4,14100000,4,1,0,0,0,0,enterprise,0,0,0,1,0,0,0,0,0,0,0,1,1,1,0,0,2.25,1,0,3.0,3525000.0,2,1,1,1.2494,5.5569
CA,34.062504,-118.354605,0.4932,0.4932,2.2411,2.2411,8,1,5000000,1,1,0,0,0,0,search,0,0,0,0,0,0,0,0,0,1,0,0,1,0,0,0,1.0,0,1,0.0,5000000.0,1,0,1,0.0,16.0
WA,45.630695,-122.674456,0.0,1.5808,-0.1671,-0.1671,1,2,400000,1,0,0,0,0,1,web,0,1,0,0,0,0,0,0,0,0,0,1,0,0,0,0,1.0,0,1,1.5808,200000.0,0,1,1,0.0,0.6326
CA,37.658313,-122.391032,7.3945,7.3945,4.0027,4.0027,4,1,10000000,1,1,0,0,0,0,biotech,0,0,0,0,0,0,0,1,0,0,0,0,0,0,1,0,1.0,0,0,0.0,10000000.0,1,0,1,0.0,0.5409
MA,42.405685,-71.25585699999998,0.8329,4.0712,2.0,2.0,3,3,11035000,1,0,0,1,0,0,software,1,0,0,0,0,0,0,0,0,0,1,0,0,1,1,0,1.6667,1,1,3.2383,3678333.3333333335,2,1,1,0.0,0.7369
MA,42.4717204,-71.26214350000002,5.6438,5.6438,8.0055,11.3288,9,1,12700000,2,0,0,1,0,0,public_relations,0,0,0,0,0,0,0,0,0,1,0,0,0,0,0,1,4.0,1,0,0.0,12700000.0,1,0,1,3.3232999999999997,1.5947
CA,39.78373,-100.445882,2.9507,3.5562,0.0,0.0,3,2,20757182,1,1,0,0,0,0,biotech,0,0,0,0,0,0,0,1,0,0,0,0,0,1,0,0,1.0,1,0,0.6055000000000001,10378591.0,1,0,1,0.0,0.8436
CA,37.404044,-121.978956,5.4658,7.2822,10.5918,10.5918,5,3,27000000,1,1,0,0,0,0,software,1,0,0,0,0,0,0,0,0,0,0,0,0,0,0,1,6.0,1,0,1.8163999999999998,9000000.0,1,0,1,0.0,0.6866
NY,40.7445343,-73.98740079999997,3.7534,3.7534,5.5425,6.7562,7,1,10000000,3,0,1,0,0,0,advertising,0,0,0,0,1,0,0,0,0,0,0,0,1,0,0,0,1.0,0,0,0.0,10000000.0,1,0,1,1.2136999999999993,1.865
CA,33.923916,-118.39665,4.2219,4.2219,0.0,0.0,4,1,26000000,0,1,0,0,0,0,public_relations,0,0,0,0,0,0,0,0,0,1,0,0,0,0,0,1,4.0,1,1,0.0,26000000.0,1,0,0,0.0,0.9474
CT,44.671539,-70.144101,2.1616,4.9562,0.0,0.0,2,2,4000000,0,0,0,0,0,1,messaging,0,0,0,0,0,0,0,0,0,1,0,0,1,0,0,0,2.0,1,1,2.7946,2000000.0,1,0,0,0.0,0.4035
CA,37.377787,-122.029217,2.0849,3.9425,-3.0,-3.0,3,2,20220000,1,1,0,0,0,0,hardware,0,0,0,0,0,0,0,0,0,1,0,0,1,1,0,0,3.0,1,0,1.8575999999999997,10110000.0,2,0,1,0.0,0.7609
NY,40.717248,-74.002662,4.3534,4.3534,6.1699,9.0904,7,1,10000000,3,0,1,0,0,0,games_video,0,0,0,0,0,1,0,0,0,0,0,0,0,1,0,0,4.0,1,0,0.0,10000000.0,1,0,1,2.9205000000000005,1.6079
NY,40.7434025,-73.9890857,1.5123,3.6082,1.3178,4.1589,8,2,7350000,3,0,1,0,0,0,games_video,0,0,0,0,0,1,0,0,0,0,0,0,1,1,0,0,4.5,1,1,2.0959000000000003,3675000.0,2,0,1,2.8411,2.2172
CA,37.288136,-121.79765,0.7671,0.7671,0.0,0.0,1,1,50000,1,1,0,0,0,0,messaging,0,0,0,0,0,0,0,0,0,1,0,1,0,0,0,0,1.0,0,1,0.0,50000.0,0,1,1,0.0,1.3036
NY,40.7394115,-73.9895748,1.8822,1.8822,1.6603,3.0247,5,1,1000000,3,0,1,0,0,0,fashion,0,0,0,0,0,0,0,0,0,1,0,0,1,0,0,0,7.0,1,1,0.0,1000000.0,1,0,1,1.3644,2.6565
CA,37.39972,-122.108306,2.7945,6.0356,7.5014,8.0055,16,4,45000000,2,1,0,0,0,0,security,0,0,0,0,0,0,0,0,0,1,0,0,1,1,1,0,2.0,1,1,3.2410999999999994,11250000.0,3,0,1,0.5040999999999993,2.6509
CA,32.877656,-117.210595,0.2164,4.8438,0.2164,6.2466,22,5,70000000,5,1,0,0,0,0,enterprise,0,0,0,1,0,0,0,0,0,0,1,0,1,1,1,0,4.2,1,1,4.6274,14000000.0,3,1,1,6.0302,4.5419
WA,47.6447802,-122.325878,1.3096,1.3096,1.0027,1.3096,3,1,500000,2,0,0,0,0,1,ecommerce,0,0,0,0,0,0,1,0,0,0,0,0,1,0,0,0,1.0,1,1,0.0,500000.0,1,0,1,0.3069000000000002,2.2908
CA,37.779281,-122.419236,0.0849,1.3342,0.0,0.0,6,2,500000,0,1,0,0,0,0,software,1,0,0,0,0,0,0,0,0,0,0,0,0,0,0,0,1.0,1,1,1.2493,250000.0,0,0,0,0.0,4.4971
TX,30.306591,-97.826727,1.0877,3.6438,3.4986,3.4986,2,3,44000000,1,0,0,0,1,0,semiconductor,0,0,0,0,0,0,0,0,0,1,0,0,1,1,1,0,4.0,1,0,2.5561000000000003,14666666.666666666,3,0,1,0.0,0.5489
CO,39.5604863,-104.8656251,10.3644,10.3644,5.8384,5.8384,4,1,21000000,1,0,0,0,0,1,semiconductor,0,0,0,0,0,0,0,0,0,1,1,0,0,0,0,0,5.0,1,1,0.0,21000000.0,0,1,1,0.0,0.3859
CA,34.083228000000005,-118.341449,0.7041,1.1315,1.4493,2.2055,12,2,19000000,2,1,0,0,0,0,games_video,0,0,0,0,0,1,0,0,0,0,0,0,1,1,0,0,3.5,1,0,0.4274,9500000.0,2,0,1,0.7561999999999998,10.6054
CA,39.78373,-100.445882,1.4247,4.5397,0.0,0.0,0,3,18700000,0,1,0,0,0,0,semiconductor,0,0,0,0,0,0,0,0,0,1,1,0,1,0,0,0,2.0,1,1,3.1149999999999998,6233333.333333333,1,1,0,0.0,0.0
CA,37.626166,-122.411025,1.0932,1.0932,1.6137,2.1671,6,1,10000000,2,1,0,0,0,0,software,1,0,0,0,0,0,0,0,0,0,0,0,1,0,0,0,7.0,1,0,0.0,10000000.0,1,0,1,0.5534000000000001,5.4885
FL,28.032975,-82.64611,0.4192,0.4192,0.0,0.0,5,3,5900000,0,0,0,0,0,1,software,1,0,0,0,0,0,0,0,0,0,0,1,0,0,0,0,1.0,0,1,0.0,1966666.6666666667,0,1,0,0.0,10.0
MA,37.237937,-121.974591,3.4301,4.2548,6.0055,6.4219,13,2,28000000,2,0,0,1,0,0,other,0,0,0,0,0,0,0,0,0,1,0,0,0,1,1,0,2.0,1,0,0.8247000000000004,14000000.0,2,0,1,0.4164000000000003,3.0554
NH,42.7370219,-71.48729759999998,0.0,4.3945,3.1534,4.3945,5,7,24300000,2,0,0,0,0,1,software,1,0,0,0,0,0,0,0,0,0,1,1,1,1,0,0,2.0,1,1,4.3945,3471428.5714285714,2,2,1,1.2410999999999999,1.1378
CA,37.384717,-122.081625,0.4137,5.3370000000000015,5.5205,7.189,21,4,32006000,3,1,0,0,0,0,mobile,0,0,1,0,0,0,0,0,0,0,0,1,1,1,1,0,1.6667,1,0,4.923300000000001,8001500.0,3,1,1,1.6684999999999999,3.9348
CA,37.3169065,-122.0497023,3.0877,3.0877,1.0,1.0,4,1,13400000,1,1,0,0,0,0,public_relations,0,0,0,0,0,0,0,0,0,1,0,0,0,1,0,0,2.0,1,0,0.0,13400000.0,1,0,1,0.0,1.2955
CA,37.78192670000001,-122.3932389,3.8493,4.8329,4.9644,7.2575,18,3,9400000,3,1,0,0,0,0,enterprise,0,0,0,1,0,0,0,0,0,0,0,1,1,1,0,0,1.5,1,0,0.9836000000000005,3133333.3333333335,2,1,1,2.2931,3.7245
CO,40.0186313,-105.2764361,1.0849,7.937,3.0,7.4301,10,6,15324624,3,0,0,0,0,1,enterprise,0,0,0,1,0,0,0,0,0,0,1,1,1,1,0,0,2.5,1,0,6.8521,2554104.0,2,2,1,4.4301,1.2599
WA,47.603832,-122.330062,1.3342,1.3342,2.3726,4.1562,3,1,2000000,2,0,0,0,0,1,web,0,1,0,0,0,0,0,0,0,0,0,0,0,0,0,0,11.0,1,0,0.0,2000000.0,0,0,1,1.7836000000000003,2.2485
CA,37.775196,-122.419204,0.4192,3.674,0.8932,5.2767,24,3,16000000,4,1,0,0,0,0,web,0,1,0,0,0,0,0,0,0,0,0,0,1,1,1,0,5.6667,1,0,3.2548,5333333.333333333,3,0,1,4.3835,6.5324
MN,44.950404,-93.101503,3.9205,6.7342,0.0,0.0,3,3,44000000,0,0,0,0,0,1,medical,0,0,0,0,0,0,0,0,0,1,1,0,0,1,1,0,2.3333,1,1,2.8137000000000003,14666666.666666666,2,1,0,0.0,0.4455
PA,39.952399,-75.16359,1.811,2.4548,0.7479,0.7479,2,2,1175000,1,0,0,0,0,1,software,1,0,0,0,0,0,0,0,0,0,1,0,0,0,0,0,1.0,0,1,0.6438000000000001,587500.0,0,1,1,0.0,0.8147
CA,37.661002,-121.897829,6.8329,10.2712,13.011,13.011,22,2,9000000,1,1,0,0,0,0,network_hosting,0,0,0,0,0,0,0,0,0,1,0,0,0,0,0,0,4.0,1,0,3.4383,4500000.0,0,0,1,0.0,2.1419
CA,32.7154,-117.1565,0.3288,5.3726,9.0055,9.0055,9,3,35150000,1,1,0,0,0,0,web,0,1,0,0,0,0,0,0,0,0,0,0,1,1,1,0,3.0,1,0,5.0438,11716666.666666666,3,0,1,0.0,1.6752
MA,42.504817,-71.195611,1.3288,5.6712,2.4959,5.6712,4,3,12000000,2,0,0,1,0,0,software,1,0,0,0,0,0,0,0,0,0,1,0,1,1,0,0,2.6667,1,0,4.3424,4000000.0,2,1,1,3.1753,0.7053
CA,37.396023,-122.03311,5.662999999999999,5.662999999999999,5.0027,5.0027,4,1,30000000,1,1,0,0,0,0,biotech,0,0,0,0,0,0,0,1,0,0,0,0,0,0,1,0,9.0,1,0,0.0,30000000.0,1,0,1,0.0,0.7063
CA,37.537542,-122.327609,6.1342,6.1342,7.1726,7.1726,5,1,8000000,1,1,0,0,0,0,security,0,0,0,0,0,0,0,0,0,1,0,0,0,1,0,0,2.0,1,0,0.0,8000000.0,1,0,1,0.0,0.8151
CA,37.782978,-122.394517,2.0959,2.0959,2.2822,3.1699,6,1,4100000,3,1,0,0,0,0,advertising,0,0,0,0,1,0,0,0,0,0,0,0,1,0,0,0,2.0,1,0,0.0,4100000.0,1,0,1,0.8877000000000002,2.8627
IL,40.116421,-88.243383,1.9562,3.5123,3.4986,3.4986,1,2,2408500,1,0,0,0,0,1,social,0,0,0,0,0,0,0,0,0,1,0,1,0,0,0,0,3.0,1,1,1.5561000000000003,1204250.0,0,1,1,0.0,0.2847
CA,37.386778,-121.966277,2.1644,5.8493,6.0027,6.0027,3,4,72000000,1,1,0,0,0,0,other,0,0,0,0,0,0,0,0,0,1,0,0,1,1,1,0,2.25,1,1,3.6849000000000003,18000000.0,3,0,1,0.0,0.5129
MN,44.96659,-93.331943,1.0,2.0,3.2493,3.2493,2,2,18400000,1,0,0,0,0,1,enterprise,0,0,0,1,0,0,0,0,0,0,1,0,0,0,0,0,1.0,0,1,1.0,9200000.0,0,1,1,0.0,1.0
NC,35.72591770000001,-79.17917709999998,8.0219,14.9726,4.0027,4.0027,4,7,162264126,1,0,0,0,0,1,biotech,0,0,0,0,0,0,0,1,0,0,1,0,0,1,1,1,6.75,1,1,6.950699999999999,23180589.42857143,3,1,1,0.0,0.2672
MA,42.3751,-71.105616,7.4575,7.4575,5.5863,5.5863,7,1,29000000,1,0,0,1,0,0,biotech,0,0,0,0,0,0,0,1,0,0,1,0,0,0,0,0,7.0,1,0,0.0,29000000.0,0,1,1,0.0,0.9387
WA,47.603832,-122.330062,5.4247,5.4247,0.0,0.0,0,1,8700000,0,0,0,0,0,1,network_hosting,0,0,0,0,0,0,0,0,0,1,0,0,1,0,0,0,2.0,1,1,0.0,8700000.0,1,0,0,0.0,0.0
MA,42.36236,-71.099692,4.6877,4.6877,4.1644,9.274,12,1,10000000,2,0,0,1,0,0,mobile,0,0,1,0,0,0,0,0,0,0,0,0,0,0,1,0,7.0,1,0,0.0,10000000.0,1,0,1,5.1095999999999995,2.5599
MA,42.4871509,-71.1986329,0.9178,2.6329,2.9534,3.9699,5,2,15000000,2,0,0,1,0,0,software,1,0,0,0,0,0,0,0,0,0,0,0,1,1,0,0,2.0,1,0,1.7150999999999998,7500000.0,2,0,1,1.0165000000000002,1.899
CA,39.78373,-100.445882,0.6685,0.6685,0.0,0.0,2,1,2600000,1,1,0,0,0,0,search,0,0,0,0,0,0,0,0,0,1,0,0,0,0,0,0,1.0,0,1,0.0,2600000.0,0,0,1,0.0,2.9918
CA,37.782103,-122.401116,1.3151,1.3151,6.4658,8.8411,30,1,15000000,3,1,0,0,0,0,web,0,1,0,0,0,0,0,0,0,0,0,0,1,0,0,0,1.0,1,0,0.0,15000000.0,1,0,1,2.375300000000001,22.812
NY,40.745064,-73.992637,0.0822,1.8164,1.0849,2.3014,7,3,4000000,2,0,1,0,0,0,web,0,1,0,0,0,0,0,0,0,0,0,1,1,0,0,0,2.0,1,0,1.7342,1333333.3333333333,1,1,1,1.2165000000000001,3.8538
CA,37.680766,-122.399971,0.9151,5.5452,5.0027,5.0027,9,2,73000000,1,1,0,0,0,0,biotech,0,0,0,0,0,0,0,1,0,0,1,0,0,1,0,0,3.0,1,0,4.6301000000000005,36500000.0,1,1,1,0.0,1.623
NY,40.730646,-73.986614,0.3233,1.0986,0.8411,2.0411,5,4,12123837,3,0,1,0,0,0,education,0,0,0,0,0,0,0,0,0,1,0,1,1,0,0,0,4.6667,1,0,0.7753000000000001,3030959.25,1,1,1,1.2000000000000002,4.5512
WA,47.60706500000001,-122.335373,0.9178,2.4877,2.5808,5.3808,18,3,22400000,3,0,0,0,0,1,mobile,0,0,1,0,0,0,0,0,0,0,1,0,1,1,0,0,3.3333,1,0,1.5698999999999999,7466666.666666667,2,1,1,2.8,7.2356
CA,37.779281,-122.419236,1.2849,2.0082,2.1616,3.4438,12,2,5700000,3,1,0,0,0,0,enterprise,0,0,0,1,0,0,0,0,0,0,0,0,1,1,0,0,4.0,1,0,0.7233,2850000.0,2,0,1,1.2822,5.9755
CA,39.78373,-100.445882,4.5452,7.8603,0.0,0.0,2,2,28500000,0,1,0,0,0,0,biotech,0,0,0,0,0,0,0,1,0,0,1,0,0,1,0,0,4.5,1,1,3.3150999999999993,14250000.0,1,1,0,0.0,0.2544
MA,42.579258,-71.437841,0.9151,2.0712,2.0027,2.0027,9,2,21000000,1,0,0,1,0,0,software,1,0,0,0,0,0,0,0,0,0,0,0,1,1,0,0,2.5,1,0,1.1561000000000001,10500000.0,2,0,1,0.0,4.3453
NC,35.780398,-78.639099,21.8959,21.8959,24.6849,24.6849,1,1,8000000,1,0,0,0,0,1,software,1,0,0,0,0,0,0,0,0,0,1,0,0,0,0,0,2.0,0,1,0.0,8000000.0,0,1,1,0.0,0.0457
CA,37.41924,-122.208414,0.2055,0.2055,0.1644,0.1644,1,1,1500000,1,1,0,0,0,0,games_video,0,0,0,0,0,1,0,0,0,0,0,0,1,0,0,0,1.0,1,1,0.0,1500000.0,1,0,1,0.0,2.0
MA,42.3729,-71.24847199999998,0.5808,2.4603,2.5014,5.0932,17,3,28300000,4,0,0,1,0,0,advertising,0,0,0,0,1,0,0,0,0,0,0,0,1,1,1,0,1.6667,1,0,1.8795000000000002,9433333.333333334,3,0,1,2.5918000000000005,6.9097
CA,37.441537,-122.158332,2.1452,4.9726,2.3671,2.7123,4,5,7939553,2,1,0,0,0,0,web,0,1,0,0,0,0,0,0,0,0,1,0,0,1,0,0,2.0,1,0,2.8274,1587910.6,1,1,1,0.34519999999999973,0.8044
CA,37.779281,-122.419236,0.8329,0.8329,0.0,0.0,3,1,545000,0,1,0,0,0,0,public_relations,0,0,0,0,0,0,0,0,0,1,0,1,0,0,0,0,2.0,1,1,0.0,545000.0,0,1,0,0.0,3.6019
MA,42.558426,-71.268947,4.7452,8.9562,5.0027,5.0027,10,3,15247925,1,0,0,1,0,0,semiconductor,0,0,0,0,0,0,0,0,0,1,0,0,0,0,1,1,1.5,1,0,4.211000000000001,5082641.666666667,2,0,1,0.0,1.1165
NY,40.757929,-73.985506,0.2466,2.5589,2.0027,4.7781,11,3,12800000,2,0,1,0,0,0,games_video,0,0,0,0,0,1,0,0,0,0,0,1,1,1,0,0,1.5,1,0,2.3123,4266666.666666667,2,1,1,2.7754000000000003,4.2987
IL,41.875555,-87.624421,1.063,2.4822,0.0,1.3068,1,2,950000,2,0,0,0,0,1,mobile,0,0,1,0,0,0,0,0,0,0,1,0,1,0,0,0,3.0,1,1,1.4192000000000002,475000.0,1,1,1,1.3068,0.4029
MA,42.479262,-71.152277,2.9178,4.9205,2.0027,12.5096,6,2,16000000,5,0,0,1,0,0,web,0,1,0,0,0,0,0,0,0,0,0,0,1,1,0,0,1.0,1,0,2.0026999999999995,8000000.0,2,0,1,10.506900000000002,1.2194
CA,37.288326,-121.945633,6.0055,6.0055,6.0055,6.0055,2,1,10000000,1,1,0,0,0,0,semiconductor,0,0,0,0,0,0,0,0,0,1,0,0,0,0,1,0,1.0,1,0,0.0,10000000.0,1,0,1,0.0,0.333
NY,40.730646,-73.986614,0.7781,0.7781,0.3397,2.4877,5,1,1500000,3,0,1,0,0,0,fashion,0,0,0,0,0,0,0,0,0,1,0,0,0,0,0,0,1.0,0,0,0.0,1500000.0,0,0,1,2.1479999999999997,6.4259
CA,37.779281,-122.419236,5.8438,6.9452,5.9205,6.3808,6,2,13000000,2,1,0,0,0,0,hardware,0,0,0,0,0,0,0,0,0,1,1,0,0,0,1,0,2.0,1,1,1.1014,6500000.0,1,1,1,0.46030000000000015,0.8639
NY,40.650104,-73.94958199999998,2.6411,2.6411,4.0959,4.926,6,1,10000000,2,0,1,0,0,0,hardware,0,0,0,0,0,0,0,0,0,1,1,0,0,0,0,0,6.0,1,0,0.0,10000000.0,0,1,1,0.8300999999999998,2.2718
NY,42.712207,-73.203599,2.0521,2.9973,2.0027,3.8137,9,2,3915000,2,0,1,0,0,0,advertising,0,0,0,0,1,0,0,0,0,0,1,0,1,0,0,0,3.0,1,0,0.9452000000000003,1957500.0,1,1,1,1.811,3.0027
NY,40.650104,-73.94958199999998,0.0,1.5041,1.5808,3.1726,7,2,1400000,2,0,1,0,0,0,travel,0,0,0,0,0,0,0,0,0,1,0,1,1,0,0,0,6.0,1,0,1.5041,700000.0,1,1,1,1.5918,4.6539
IL,41.8969173,-87.6435474,0.0,0.6904,0.0,0.6904,6,2,650000,2,0,0,0,0,1,ecommerce,0,0,0,0,0,0,1,0,0,0,1,1,0,0,0,0,1.0,1,1,0.6904,325000.0,0,2,1,0.6904,8.6906
TX,30.268735,-97.745209,0.4137,3.2438,0.4137,6.8,5,3,9700000,4,0,0,0,1,0,games_video,0,0,0,0,0,1,0,0,0,0,1,0,1,0,0,0,1.0,1,1,2.8301,3233333.3333333335,1,1,1,6.386299999999999,1.5414
CA,37.336191,-121.890583,3.1644,3.1644,2.0027,2.0027,6,1,15000000,1,1,0,0,0,0,software,1,0,0,0,0,0,0,0,0,0,0,0,0,0,0,1,3.0,1,0,0.0,15000000.0,1,0,1,0.0,1.8961
CA,37.782714,-122.39358,3.7753,10.2548,10.0301,11.0329,18,4,38764000,3,1,0,0,0,0,enterprise,0,0,0,1,0,0,0,0,0,0,1,0,1,1,0,0,2.0,1,0,6.4795,9691000.0,2,1,1,1.0028000000000006,1.7553
CA,37.39873720000001,-122.0497918,0.3288,6.4192,1.1671,4.989,6,8,211403000,2,1,0,0,0,0,cleantech,0,0,0,0,0,0,0,0,0,1,1,0,1,1,1,0,2.7143,1,1,6.0904,26425375.0,3,1,1,3.8219,0.9347
CA,37.3965713,-122.0836937,2.4767,2.6438,3.4164,5.2,8,2,20750000,3,1,0,0,0,0,enterprise,0,0,0,1,0,0,0,0,0,0,0,0,1,1,0,0,2.0,1,0,0.16710000000000003,10375000.0,2,0,1,1.7836000000000003,3.0259
CA,37.779281,-122.419236,1.2493,1.8849,2.2521,3.2219,4,2,1020000,2,1,0,0,0,0,social,0,0,0,0,0,0,0,0,0,1,0,1,1,0,0,0,2.5,1,0,0.6355999999999999,510000.0,1,1,1,0.9698000000000002,2.1221
TX,30.271129,-97.743699,0.4301,0.4301,2.0027,2.0027,6,1,13000000,1,0,0,0,1,0,software,1,0,0,0,0,0,0,0,0,0,0,0,1,0,0,0,4.0,1,1,0.0,13000000.0,1,0,1,0.0,12.0
NY,40.738567,-73.987199,0.1671,3.9178,0.0,2.9178,8,2,14700000,2,0,1,0,0,0,software,1,0,0,0,0,0,0,0,0,0,0,1,1,0,0,0,4.0,1,0,3.7507,7350000.0,1,1,1,2.9178,2.042
CA,37.4233896,-122.08995120000002,1.1616,4.1644,3.0,8.9205,19,4,33000000,4,1,0,0,0,0,mobile,0,0,1,0,0,0,0,0,0,0,0,0,1,1,1,1,1.3333,1,0,3.0027999999999997,8250000.0,4,0,1,5.9205000000000005,4.5625
CA,37.404788,-121.940842,5.4767,5.4767,0.0,0.0,5,1,30000000,0,1,0,0,0,0,medical,0,0,0,0,0,0,0,0,0,1,0,0,0,0,1,0,6.0,1,0,0.0,30000000.0,1,0,0,0.0,0.913
TX,32.959908,-96.70737,0.2384,3.7644,2.4192,3.8795,10,4,33000000,3,0,0,0,1,0,software,1,0,0,0,0,0,0,0,0,0,0,0,1,1,1,0,4.0,1,1,3.5260000000000002,8250000.0,3,0,1,1.4603000000000002,2.6565
DC,38.894955,-77.03664599999998,-0.5014,-0.5014,0.0,0.0,1,1,150000,0,0,0,0,0,1,social,0,0,0,0,0,0,0,0,0,1,0,1,0,0,0,0,1.0,0,1,0.0,150000.0,0,1,0,0.0,2.0
MA,42.37564,-71.2358,0.1671,0.1671,0.5863,0.5863,3,1,20000,1,0,0,1,0,0,advertising,0,0,0,0,1,0,0,0,0,0,0,1,0,0,0,0,1.0,0,1,0.0,20000.0,0,1,1,0.0,6.0
CA,37.54827,-121.988572,3.7589,5.0685,0.0,0.0,2,3,30926154,0,1,0,0,0,0,medical,0,0,0,0,0,0,0,0,0,1,0,0,0,1,0,0,3.0,1,1,1.3096,10308718.0,1,0,0,0.0,0.3946
CA,37.288326,-121.945633,0.8164,0.8164,0.0,0.0,0,1,2000000,0,1,0,0,0,0,advertising,0,0,0,0,1,0,0,0,0,0,0,0,0,0,0,0,1.0,0,1,0.0,2000000.0,0,0,0,0.0,0.0
MA,42.504817,-71.195611,4.5397,9.337,2.0027,2.0027,2,2,19000000,1,0,0,1,0,0,software,1,0,0,0,0,0,0,0,0,0,1,0,0,1,0,0,3.5,1,1,4.7973,9500000.0,1,1,1,0.0,0.2142
CA,37.779281,-122.419236,3.0356,6.7534,4.0027,4.0027,2,3,33000000,1,1,0,0,0,0,advertising,0,0,0,0,1,0,0,0,0,0,0,0,1,1,1,0,4.0,1,1,3.7178,11000000.0,3,0,1,0.0,0.2961
GA,33.982966999999995,-84.346041,4.3562,6.3151,4.0027,4.0027,1,3,15650000,1,0,0,0,0,1,cleantech,0,0,0,0,0,0,0,0,0,1,1,0,0,0,0,0,1.3333,1,0,1.9588999999999999,5216666.666666667,0,1,1,0.0,0.1584
CA,37.779281,-122.419236,6.3342,7.5342,7.1726,10.9315,8,3,17400000,3,1,0,0,0,0,web,0,1,0,0,0,0,0,0,0,0,0,0,1,1,0,0,2.3333,1,0,1.2000000000000002,5800000.0,2,0,1,3.7588999999999997,1.0618
CA,34.102827000000005,-118.32999,0.8329,0.8329,-0.1671,1.189,5,1,154000,2,1,0,0,0,0,real_estate,0,0,0,0,0,0,0,0,0,1,0,1,0,0,0,0,1.0,0,1,0.0,154000.0,0,1,1,1.3561,6.0031
CA,34.054935,-118.244476,4.8082,4.8082,6.6027,6.7233,4,1,35000000,2,1,0,0,0,0,web,0,1,0,0,0,0,0,0,0,0,0,0,0,0,0,1,3.0,1,1,0.0,35000000.0,1,0,1,0.12060000000000048,0.8319
VA,38.916336,-77.230488,0.5836,4.4301,1.2521,2.1452,5,4,7516703,3,0,0,0,0,1,mobile,0,0,1,0,0,0,0,0,0,0,1,1,0,0,0,0,1.0,0,1,3.8465000000000003,1879175.75,0,2,1,0.8931,1.1286
TX,30.409765000000004,-97.75101,2.6247,2.6247,2.874,4.3014,1,1,48000000,3,0,0,0,1,0,cleantech,0,0,0,0,0,0,0,0,0,1,1,0,0,0,0,0,5.0,1,1,0.0,48000000.0,0,1,1,1.4274,0.381
CA,37.2690782,-121.9559995,5.4219,8.3014,8.0055,8.0055,6,3,65800000,1,1,0,0,0,0,network_hosting,0,0,0,0,0,0,0,0,0,1,1,0,0,0,0,1,4.6667,1,0,2.8794999999999993,21933333.333333332,1,1,1,0.0,0.7228
NJ,40.477604,-74.626824,0.6767,0.789,0.0,0.0,2,2,125000,1,0,0,0,0,1,analytics,0,0,0,0,0,0,0,0,0,1,0,1,0,0,0,0,1.0,0,1,0.11230000000000007,62500.0,0,1,1,0.0,2.5349
VA,39.050108,-77.40082,0.5808,0.5808,-0.5041,3.8301,5,1,750000,3,0,0,0,0,1,search,0,0,0,0,0,0,0,0,0,1,0,1,0,0,0,0,2.0,1,0,0.0,750000.0,0,1,1,4.3342,8.6088
GA,33.749099,-84.390185,2.4384,2.4384,2.3288,2.4384,10,1,17000000,2,0,0,0,0,1,enterprise,0,0,0,1,0,0,0,0,0,0,1,0,0,0,0,0,5.0,1,0,0.0,17000000.0,0,1,1,0.10959999999999992,4.101
CA,37.54841500000001,-122.315636,10.4247,13.0877,8.9808,12.7233,4,3,4087500,3,1,0,0,0,0,enterprise,0,0,0,1,0,0,0,0,0,0,1,1,0,0,0,0,1.0,0,1,2.6630000000000003,1362500.0,0,2,1,3.7424999999999997,0.3056
CA,34.491118,-119.808096,10.8795,10.8795,15.4986,15.4986,3,1,1000000,1,1,0,0,0,0,hardware,0,0,0,0,0,0,0,0,0,1,0,0,1,0,0,0,2.0,1,1,0.0,1000000.0,1,0,1,0.0,0.2757
TX,30.280148,-97.749908,-0.1041,6.3644,5.4822,6.7699,13,5,23500000,3,0,0,0,1,0,health,0,0,0,0,0,0,0,0,0,1,1,0,1,1,1,0,1.75,1,0,6.4685,4700000.0,3,1,1,1.2877,2.0426
CA,37.7776778,-122.3921102,0.0,0.0,0.0,0.0,2,1,990000,0,1,0,0,0,0,web,0,1,0,0,0,0,0,0,0,0,0,0,1,0,0,0,2.0,0,1,0.0,990000.0,1,0,0,0.0,4.0
AZ,33.426418,-111.9396,0.7534,0.7534,3.1699,4.6247,13,1,1000000,2,0,0,0,0,1,advertising,0,0,0,0,1,0,0,0,0,0,0,0,1,0,0,0,3.0,1,0,0.0,1000000.0,1,0,1,1.4547999999999996,17.2551
MA,42.364367,-71.078978,0.6658,5.1315,2.7479,6.0027,15,4,41000000,2,0,0,1,0,0,health,0,0,0,0,0,0,0,0,0,1,1,0,1,1,1,0,1.75,1,0,4.4657,10250000.0,3,1,1,3.2548,2.9231
OR,45.3774456,-122.7569561,0.3699,0.3699,0.0,0.0,3,1,7000000,0,0,0,0,0,1,semiconductor,0,0,0,0,0,0,0,0,0,1,0,0,1,0,0,0,1.0,1,1,0.0,7000000.0,1,0,0,0.0,6.0
MA,42.3624253,-71.116031,0.8301,2.0767,1.0027,1.0027,4,2,55000000,1,0,0,1,0,0,biotech,0,0,0,0,0,0,0,1,0,0,0,0,1,1,0,0,2.0,1,0,1.2466000000000004,27500000.0,2,0,1,0.0,1.9261
CA,37.78505300000001,-122.287295,3.7452,4.9671,4.6822,4.8384,10,2,69000000,2,1,0,0,0,0,software,1,0,0,0,0,0,0,0,0,0,0,0,1,1,0,0,3.5,1,0,1.2219000000000002,34500000.0,2,0,1,0.15620000000000012,2.0132
CA,37.421692,-121.894156,1.3288,7.0795,4.874,7.0055,25,8,129677153,3,1,0,0,0,0,enterprise,0,0,0,1,0,0,0,0,0,0,1,0,1,1,1,1,3.0,1,0,5.7507,16209644.125,4,1,1,2.1315,3.5313
CA,37.502169,-122.217727,2.5041,7.2521,0.0,0.0,4,6,232000100,0,1,0,0,0,0,biotech,0,0,0,0,0,0,0,1,0,0,0,0,1,0,1,1,3.6667,1,0,4.748,38666683.333333336,3,0,0,0.0,0.5516
CA,37.388869,-122.072353,0.0849,1.5863,2.1151,4.0,5,2,5700000,3,1,0,0,0,0,enterprise,0,0,0,1,0,0,0,0,0,0,0,1,1,0,0,0,4.0,1,0,1.5014,2850000.0,1,1,1,1.8849,3.152
MA,42.276316,-71.419229,5.6384,5.6384,4.2493,4.2493,3,1,10500000,1,0,0,1,0,0,security,0,0,0,0,0,0,0,0,0,1,0,0,0,0,0,1,4.0,1,0,0.0,10500000.0,1,0,1,0.0,0.5321
NY,41.019264,-73.683462,1.9699,3.9205,0.0,0.0,2,2,23000000,0,0,1,0,0,0,ecommerce,0,0,0,0,0,0,1,0,0,0,1,0,0,0,0,0,3.0,1,1,1.9506000000000001,11500000.0,0,1,0,0.0,0.5101
WA,47.676378,-122.122155,5.4329,9.4959,0.0,0.0,13,3,14000000,0,0,0,0,0,1,photo_video,0,0,0,0,0,0,0,0,0,1,0,0,1,1,0,0,3.0,1,0,4.063000000000001,4666666.666666667,2,0,0,0.0,1.369
CA,37.536402,-122.325129,1.6466,1.6466,0.0,0.0,4,2,7500000,0,1,0,0,0,0,software,1,0,0,0,0,0,0,0,0,0,0,1,1,0,0,0,2.0,1,0,0.0,3750000.0,1,1,0,0.0,2.4292
NY,40.650104,-73.94958199999998,0.8986,0.8986,0.4137,1.6329,12,1,1420000,3,0,1,0,0,0,social,0,0,0,0,0,0,0,0,0,1,0,0,1,0,0,0,16.0,1,0,0.0,1420000.0,1,0,1,1.2192,13.3541
WA,47.6257402,-122.3581623,0.1589,2.4274,-0.1699,2.2137,1,2,9000000,2,0,0,0,0,1,ecommerce,0,0,0,0,0,0,1,0,0,0,1,0,1,0,0,0,1.0,1,1,2.2685,4500000.0,1,1,1,2.3836,0.412
PA,40.245664,-74.845997,0.7644,0.7644,0.0,0.0,3,1,500000,0,0,0,0,0,1,games_video,0,0,0,0,0,1,0,0,0,0,1,0,0,0,0,0,1.0,1,1,0.0,500000.0,0,1,0,0.0,3.9246
CA,37.388869,-122.072353,0.0356,0.726,0.474,0.9205,4,2,70000,2,1,0,0,0,0,news,0,0,0,0,0,0,0,0,0,1,0,1,0,0,0,0,1.0,1,0,0.6904,35000.0,0,1,1,0.4465,5.5096
CA,33.09568,-117.244034,0.5808,1.6548,0.0,0.0,3,2,850000,0,1,0,0,0,0,ecommerce,0,0,0,0,0,0,1,0,0,0,0,1,1,0,0,0,1.0,1,1,1.074,425000.0,1,1,0,0.0,1.8129
CA,34.019657,-118.487549,3.8767,3.8767,3.0027,5.8329,9,1,15000000,2,1,0,0,0,0,enterprise,0,0,0,1,0,0,0,0,0,0,1,0,0,0,0,0,1.0,1,0,0.0,15000000.0,0,1,1,2.8302000000000005,2.3216
CA,37.788266,-122.403865,0.5205,1.0959,0.2521,2.0575,12,2,3150000,2,1,0,0,0,0,web,0,1,0,0,0,0,0,0,0,0,0,1,1,0,0,0,11.5,1,0,0.5754000000000001,1575000.0,1,1,1,1.8054000000000001,10.9499
CA,37.779281,-122.419236,1.2164,1.2164,1.4164,2.6822,6,1,5500000,2,1,0,0,0,0,ecommerce,0,0,0,0,0,0,1,0,0,0,0,0,1,0,0,0,8.0,1,1,0.0,5500000.0,1,0,1,1.2657999999999998,4.9326
CA,38.021489,-122.519998,4.8877,4.8877,3.2877,3.2877,8,1,10571182,1,1,0,0,0,0,cleantech,0,0,0,0,0,0,0,0,0,1,0,0,1,0,0,0,1.0,0,0,0.0,10571182.0,1,0,1,0.0,1.6368
CA,34.102827000000005,-118.32999,0.5808,0.5808,0.0,0.0,13,1,500000,0,1,0,0,0,0,real_estate,0,0,0,0,0,0,0,0,0,1,0,1,0,0,0,0,1.0,0,1,0.0,500000.0,0,1,0,0.0,22.3829
CA,37.872222,-122.268403,0.9233,4.7425,0.6712,7.7671,12,7,24900000,3,1,0,0,0,0,music,0,0,0,0,0,0,0,0,0,1,1,1,1,0,0,0,3.0,1,0,3.8191999999999995,3557142.8571428573,1,2,1,7.0959,2.5303
CA,34.147645000000004,-118.144478,1.7616,2.326,0.8767,3.0274,12,2,3529175,3,1,0,0,0,0,web,0,1,0,0,0,0,0,0,0,0,1,0,1,0,0,0,1.0,0,1,0.5644,1764587.5,1,1,1,2.1507,5.1591
NY,40.74188770000001,-74.00474659999998,0.0,4.6164,3.2904,5.2685,15,4,23400000,3,0,1,0,0,0,travel,0,0,0,0,0,0,0,0,0,1,0,0,1,1,1,0,2.25,1,0,4.6164,5850000.0,3,0,1,1.9781000000000004,3.2493
CA,37.4155698,-121.9486567,7.4027,7.4027,7.4,11.874,15,1,8800000,3,1,0,0,0,0,security,0,0,0,0,0,0,0,0,0,1,0,0,0,0,0,1,5.0,1,0,0.0,8800000.0,1,0,1,4.474,2.0263
NY,40.728425,-73.999882,0.0,0.0,0.3288,0.3288,2,1,1500000,1,0,1,0,0,0,fashion,0,0,0,0,0,0,0,0,0,1,0,0,0,0,0,0,6.0,1,1,0.0,1500000.0,0,0,1,0.0,4.0
CA,32.988246999999994,-117.080769,4.8603,9.4247,0.0,0.0,3,7,74000000,0,1,0,0,0,0,semiconductor,0,0,0,0,0,0,0,0,0,1,1,0,0,0,1,1,2.0,1,1,4.5644,10571428.57142857,2,1,0,0.0,0.3183
OR,45.520247,-122.674195,1.4164,2.0,7.0055,11.4219,3,3,8800000,2,0,0,0,0,1,network_hosting,0,0,0,0,0,0,0,0,0,1,0,0,1,1,0,0,1.0,0,0,0.5835999999999999,2933333.3333333335,2,0,1,4.416400000000001,1.5
CA,37.77522800000001,-122.39963,2.5808,4.6082,0.5808,10.2219,3,2,7100000,3,1,0,0,0,0,web,0,1,0,0,0,0,0,0,0,0,0,1,1,0,0,0,1.5,1,0,2.0274,3550000.0,1,1,1,9.6411,0.651
MA,42.3751,-71.105616,1.3315,2.9973,2.1616,5.9616,8,3,3500000,6,0,0,1,0,0,ecommerce,0,0,0,0,0,0,1,0,0,0,1,1,1,0,0,0,1.6667,1,0,1.6658000000000002,1166666.6666666667,1,2,1,3.8,2.6691
CA,37.36883,-122.03635,1.589,1.589,1.1863,2.5452,6,1,3000000,2,1,0,0,0,0,software,1,0,0,0,0,0,0,0,0,0,0,0,1,0,0,0,2.0,1,0,0.0,3000000.0,1,0,1,1.3589,3.776
NY,42.961748,-78.870914,0.1288,0.274,0.3068,0.3068,5,2,11000,1,0,1,0,0,0,web,0,1,0,0,0,0,0,0,0,0,0,1,0,0,0,0,1.0,0,1,0.14520000000000002,5500.0,0,1,1,0.0,10.0
CA,33.55327800000001,-117.6779,6.5452,8.6,5.0027,5.0027,4,3,26200000,1,1,0,0,0,0,semiconductor,0,0,0,0,0,0,0,0,0,1,1,0,0,0,1,0,2.5,1,0,2.0547999999999993,8733333.333333334,1,1,1,0.0,0.4651
CA,37.398022,-122.049143,1.3259999999999998,2.7096,4.3699,6.462999999999999,6,2,29000000,3,1,0,0,0,0,software,1,0,0,0,0,0,0,0,0,0,0,0,0,1,1,0,2.5,1,0,1.3836000000000002,14500000.0,2,0,1,2.093099999999999,2.2143
CA,37.400945,-122.111318,4.8438,4.8438,0.0,0.0,2,1,10000000,0,1,0,0,0,0,software,1,0,0,0,0,0,0,0,0,0,0,0,0,1,0,0,2.0,0,1,0.0,10000000.0,1,0,0,0.0,0.4129
CA,32.833501,-117.26162,0.8521,0.8521,0.0,2.9425,3,1,500000,3,1,0,0,0,0,web,0,1,0,0,0,0,0,0,0,0,0,1,0,0,0,0,3.0,1,1,0.0,500000.0,0,1,1,2.9425,3.5207
CA,37.487259,-122.232217,0.0849,1.8384,1.4164,2.337,3,3,11500000,3,1,0,0,0,0,enterprise,0,0,0,1,0,0,0,0,0,0,0,1,1,1,0,0,1.5,1,0,1.7535,3833333.3333333335,2,1,1,0.9206000000000001,1.6319
TX,30.2734822,-97.7588828,1.1699,3.8932,2.3014,3.4301,8,5,5350000,3,0,0,0,1,0,enterprise,0,0,0,1,0,0,0,0,0,0,0,1,1,0,0,0,3.0,1,0,2.7233,1070000.0,1,1,1,1.1286999999999998,2.0549
CA,37.787126,-122.39783,0.6658,3.989,5.0849,7.3699,27,3,11015719,4,1,0,0,0,0,mobile,0,0,1,0,0,0,0,0,0,0,1,0,1,0,0,0,2.0,1,1,3.3232,3671906.3333333335,1,1,1,2.285,6.7686
CA,37.779281,-122.419236,0.5288,1.0466,1.2959,3.3781,30,3,9807367,3,1,0,0,0,0,advertising,0,0,0,0,1,0,0,0,0,0,0,1,1,0,0,0,8.6667,1,0,0.5177999999999999,3269122.3333333335,1,1,1,2.0822,28.6642
CA,37.779281,-122.419236,-0.4959,0.6301,0.589,3.011,8,2,2535000,2,1,0,0,0,0,web,0,1,0,0,0,0,0,0,0,0,0,1,1,0,0,0,5.0,1,0,1.126,1267500.0,1,1,1,2.422,12.6964
TX,32.958634,-96.823641,5.4658,8.9534,8.8384,8.9534,4,3,19000000,2,0,0,0,1,0,enterprise,0,0,0,1,0,0,0,0,0,0,1,0,0,1,1,0,5.3333,1,0,3.4876000000000005,6333333.333333333,2,1,1,0.11500000000000021,0.4468
CA,37.388869,-122.072353,0.0,2.7644,1.1616,1.1616,4,3,475000,1,1,0,0,0,0,travel,0,0,0,0,0,0,0,0,0,1,0,1,0,0,0,0,4.0,0,0,2.7644,158333.33333333334,0,1,1,0.0,1.447
NY,40.730646,-73.986614,5.7671,7.862999999999999,9.2575,9.2575,16,2,36000000,1,0,1,0,0,0,games_video,0,0,0,0,0,1,0,0,0,0,1,0,0,1,0,0,1.0,1,0,2.0958999999999985,18000000.0,1,1,1,0.0,2.0348
CA,37.662431,-121.874679,3.1671,3.1671,0.0,0.0,4,1,12000000,0,1,0,0,0,0,games_video,0,0,0,0,0,1,0,0,0,0,0,0,0,0,1,0,5.0,1,0,0.0,12000000.0,1,0,0,0.0,1.263
CA,39.78373,-100.445882,0.4,3.7589,3.0,3.0,15,4,122000000,1,1,0,0,0,0,biotech,0,0,0,0,0,0,0,1,0,0,0,0,1,1,1,1,2.5,1,0,3.3589,30500000.0,4,0,1,0.0,3.9905
NY,40.730646,-73.986614,0.0795,0.0795,0.5014,1.3781,8,1,1750000,2,0,1,0,0,0,news,0,0,0,0,0,0,0,0,0,1,0,0,0,0,0,0,5.0,1,0,0.0,1750000.0,0,0,1,0.8767000000000001,16.0
NY,40.729839,-73.991781,0.5562,0.5562,-0.0247,1.9288,3,1,130000,2,0,1,0,0,0,web,0,1,0,0,0,0,0,0,0,0,0,1,0,0,0,0,1.0,0,0,0.0,130000.0,0,1,1,1.9535,5.3937
OH,41.505161,-81.693445,7.9178,10.9041,0.0,0.0,4,3,13222860,0,0,0,0,0,1,other,0,0,0,0,0,0,0,0,0,1,1,0,0,0,0,0,3.0,1,1,2.9863,4407620.0,0,1,0,0.0,0.3668
IN,39.914281,-86.07647800000002,4.1315,6.1507,5.5699,6.1096,10,2,2192000,3,0,0,0,0,1,public_relations,0,0,0,0,0,0,0,0,0,1,1,0,0,1,0,0,3.0,0,1,2.0191999999999997,1096000.0,1,1,1,0.5397000000000007,1.6258
MA,42.3751,-71.105616,5.1452,5.1452,2.0,2.0,4,1,2000000,1,0,0,1,0,0,web,0,1,0,0,0,0,0,0,0,0,1,0,0,0,0,0,1.0,1,0,0.0,2000000.0,0,1,1,0.0,0.7774
CA,37.5455355,-122.32088020000002,3.0219,4.9589,6.5836,6.6822,11,2,9400000,2,1,0,0,0,0,analytics,0,0,0,0,0,0,0,0,0,1,0,0,1,0,0,0,2.0,1,0,1.9369999999999998,4700000.0,1,0,1,0.09860000000000024,2.2182
CA,37.431091,-122.099263,5.3452,7.2274,0.0,0.0,2,4,13045000,0,1,0,0,0,0,semiconductor,0,0,0,0,0,0,0,0,0,1,0,0,1,1,0,0,2.0,1,0,1.8822,3261250.0,2,0,0,0.0,0.2767
CA,25.752358,-80.25468000000002,0.1753,4.0986,0.7342,5.0493,8,4,10000000,3,1,0,0,0,0,web,0,1,0,0,0,0,0,0,0,0,0,0,1,1,1,0,1.25,1,0,3.9233000000000002,2500000.0,3,0,1,4.315099999999999,1.9519
CA,37.558245,-122.302654,1.4247,1.4247,1.0,1.0,7,1,6000000,1,1,0,0,0,0,advertising,0,0,0,0,1,0,0,0,0,0,0,0,0,1,0,0,2.0,1,0,0.0,6000000.0,1,0,1,0.0,4.9133
PA,40.03935300000001,-76.307448,2.0,3.5562,4.5699,4.5699,3,2,2100000,1,0,0,0,0,1,mobile,0,0,1,0,0,0,0,0,0,0,1,1,0,0,0,0,2.0,0,1,1.5562,1050000.0,0,2,1,0.0,0.8436
WA,39.78373,-100.445882,0.4192,0.8877,0.0849,1.863,3,2,3250000,3,0,0,0,0,1,travel,0,0,0,0,0,0,0,0,0,1,1,0,1,0,0,0,1.0,1,0,0.4685,1625000.0,1,1,1,1.7781,3.3795
CA,37.3969138,-121.8939054,6.5726,7.1562,0.0,0.0,1,3,148000000,0,1,0,0,0,0,hardware,0,0,0,0,0,0,0,0,0,1,1,0,0,1,0,0,3.5,1,1,0.5835999999999997,49333333.333333336,1,1,0,0.0,0.1397
CA,34.185043,-118.878852,3.9178,9.3014,10.7507,10.7507,10,2,24500000,1,1,0,0,0,0,hardware,0,0,0,0,0,0,0,0,0,1,1,0,1,0,0,0,2.0,1,0,5.3835999999999995,12250000.0,1,1,1,0.0,1.0751
UT,40.233844,-111.658534,-0.0192,0.8959,1.063,1.063,4,2,72000,1,0,0,0,0,1,enterprise,0,0,0,1,0,0,0,0,0,0,0,1,0,0,0,0,1.0,0,1,0.9151,36000.0,0,1,1,0.0,4.4648
CA,37.416597,-122.154064,6.6027,6.6027,4.0027,4.0027,3,1,10360000,1,1,0,0,0,0,other,0,0,0,0,0,0,0,0,0,1,0,0,0,0,1,0,5.0,1,1,0.0,10360000.0,1,0,1,0.0,0.4544
NY,40.775309,-73.98365600000002,0.0192,1.5699,2.4849,4.8712,12,3,1310000,2,0,1,0,0,0,software,1,0,0,0,0,0,0,0,0,0,0,1,0,0,0,0,6.0,1,0,1.5507,436666.6666666667,0,1,1,2.3863,7.6438
NY,40.759089,-73.987573,-0.1151,-0.1151,0.0466,0.0466,1,1,150000,1,0,1,0,0,0,games_video,0,0,0,0,0,1,0,0,0,0,0,1,0,0,0,0,1.0,0,1,0.0,150000.0,0,1,1,0.0,2.0
CA,37.229676,-121.971225,3.0877,9.3178,0.4959,9.5315,5,3,64000000,2,1,0,0,0,0,semiconductor,0,0,0,0,0,0,0,0,0,1,1,0,0,1,1,0,3.3333,1,0,6.2301,21333333.333333332,2,1,1,9.035599999999999,0.5366
OH,39.96226,-83.00070600000002,0.0,0.0,0.0,0.0,2,1,250000,1,0,0,0,0,1,ecommerce,0,0,0,0,0,0,1,0,0,0,0,1,0,0,0,0,1.0,0,1,0.0,250000.0,0,1,1,0.0,4.0
CA,34.144926,-118.149767,-0.2521,2.0877,1.4164,1.4164,6,3,1830000,1,1,0,0,0,0,health,0,0,0,0,0,0,0,0,0,1,0,1,1,0,0,0,2.0,0,0,2.3398,610000.0,1,1,1,0.0,2.874
OR,39.78373,-100.445882,0.4192,1.0247,0.7726,2.1699,10,2,9800000,4,0,0,0,0,1,enterprise,0,0,0,1,0,0,0,0,0,0,0,0,1,1,0,0,4.5,1,0,0.6054999999999999,4900000.0,2,0,1,1.3973000000000002,9.759
CA,38.904549,-77.061767,1.8247,1.8247,3.8959,5.9068,15,1,2300000,3,1,0,0,0,0,web,0,1,0,0,0,0,0,0,0,0,0,0,1,0,0,0,1.0,0,0,0.0,2300000.0,1,0,1,2.0108999999999995,8.2205
WA,47.682233,-122.135521,2.4192,3.0904,-0.1616,3.9699,3,2,1310000,4,0,0,0,0,1,web,0,1,0,0,0,0,0,0,0,0,0,1,0,0,0,0,1.0,0,1,0.6711999999999998,655000.0,0,1,1,4.1315,0.9707
CA,37.781557,-122.407959,0.0822,0.8384,0.0,4.1836,4,2,4500000,5,1,0,0,0,0,games_video,0,0,0,0,0,1,0,0,0,0,0,1,0,1,0,0,5.5,1,1,0.7562,2250000.0,1,1,1,4.1836,4.771
CA,37.571318,-122.267962,2.1616,5.7315,5.0027,5.0027,5,3,22000000,1,1,0,0,0,0,software,1,0,0,0,0,0,0,0,0,0,0,0,1,1,1,0,2.6667,1,0,3.5698999999999996,7333333.333333333,3,0,1,0.0,0.8724
CA,37.775196,-122.419204,0.6658,2.0795,3.0301,4.2877,23,3,10000000,3,1,0,0,0,0,advertising,0,0,0,0,1,0,0,0,0,0,0,1,1,1,0,0,2.6667,1,0,1.4137,3333333.3333333335,2,1,1,1.2576,11.0604
NY,40.730646,-73.986614,0.8904,2.2521,2.6603,2.7534,21,4,36500000,3,0,1,0,0,0,ecommerce,0,0,0,0,0,0,1,0,0,0,0,0,1,1,1,0,1.5,1,0,1.3617,9125000.0,3,0,1,0.09310000000000018,9.3246
CO,47.601803,-122.332085,1.7507,9.9589,9.3425,10.4603,35,7,33672656,3,0,0,0,0,1,web,0,1,0,0,0,0,0,0,0,0,1,0,1,1,0,0,2.0,1,0,8.2082,4810379.428571428,2,1,1,1.1178000000000008,3.5144
CA,37.320309,-122.05004,0.8603,2.926,3.0,3.0,4,3,19000000,1,1,0,0,0,0,enterprise,0,0,0,1,0,0,0,0,0,0,0,0,1,1,0,0,2.0,1,0,2.0657,6333333.333333333,2,0,1,0.0,1.3671
CA,37.36883,-122.03635,3.4685,3.4685,2.0,2.0,3,1,30000000,1,1,0,0,0,0,semiconductor,0,0,0,0,0,0,0,0,0,1,0,0,0,1,0,0,4.0,1,0,0.0,30000000.0,1,0,1,0.0,0.8649
CA,37.388869,-122.072353,1.5151,2.937,2.6384,3.8164,6,2,2250000,2,1,0,0,0,0,web,0,1,0,0,0,0,0,0,0,0,1,0,0,0,0,0,8.5,1,0,1.4219,1125000.0,0,1,1,1.178,2.0429
CA,34.1086325,-118.0215818,5.8658,9.9644,8.1699,8.1699,7,6,53818873,1,1,0,0,0,0,hardware,0,0,0,0,0,0,0,0,0,1,1,0,0,0,1,0,4.25,1,0,4.098599999999999,8969812.166666666,1,1,1,0.0,0.7025
CA,37.553743,-122.300246,2.6658,2.6658,0.0,0.0,6,1,5500000,0,1,0,0,0,0,web,0,1,0,0,0,0,0,0,0,0,0,0,1,0,0,0,1.0,1,1,0.0,5500000.0,1,0,0,0.0,2.2507
WA,47.578174,-122.212731,1.9973,1.9973,-0.0822,3.5205,3,1,6000000,2,0,0,0,0,1,network_hosting,0,0,0,0,0,0,0,0,0,1,0,0,1,0,0,0,1.0,1,0,0.0,6000000.0,1,0,1,3.6027,1.502
CA,39.78373,-100.445882,1.4959,1.6658,0.0,7.5233,2,2,30150000,3,1,0,0,0,0,advertising,0,0,0,0,1,0,0,0,0,0,0,0,1,1,0,0,1.5,1,1,0.16989999999999994,15075000.0,2,0,1,7.5233,1.2006
CA,37.674559,-122.385658,3.7863,5.5123,0.0,0.0,11,2,83000000,0,1,0,0,0,0,biotech,0,0,0,0,0,0,0,1,0,0,1,0,0,0,0,0,1.0,0,0,1.7259999999999995,41500000.0,0,1,0,0.0,1.9955
NY,40.737216,-73.99094699999998,1.0,2.7096,0.0,0.0,1,2,12000000,0,0,1,0,0,0,games_video,0,0,0,0,0,1,0,0,0,0,0,0,1,1,0,0,1.0,0,1,1.7096,6000000.0,2,0,0,0.0,0.3691
CA,37.36883,-122.03635,0.1644,1.4986,3.1644,5.5479,6,2,3500000,2,1,0,0,0,0,software,1,0,0,0,0,0,0,0,0,0,0,1,1,0,0,0,1.0,0,0,1.3342,1750000.0,1,1,1,2.3835,4.0037
CA,37.433414,-122.128772,1.4301,1.4301,2.3452,3.4575,5,1,4000000,3,1,0,0,0,0,software,1,0,0,0,0,0,0,0,0,0,0,0,1,0,0,0,4.0,1,0,0.0,4000000.0,1,0,1,1.1122999999999998,3.4963
CA,33.87751,-117.727046,2.4521,3.6027,0.0,0.0,9,2,4000000,0,1,0,0,0,0,manufacturing,0,0,0,0,0,0,0,0,0,1,0,0,1,0,0,0,1.0,1,1,1.1505999999999998,2000000.0,1,0,0,0.0,2.4981
CA,37.409618,-122.017792,5.8274,7.7151,10.0082,10.0082,11,2,25000000,1,1,0,0,0,0,software,1,0,0,0,0,0,0,0,0,0,1,0,0,0,0,0,4.5,1,0,1.8876999999999997,12500000.0,0,1,1,0.0,1.4258
NY,40.73901,-73.997259,0.8356,3.7616,0.9041,0.9041,5,3,1420698,1,0,1,0,0,0,mobile,0,0,1,0,0,0,0,0,0,0,1,1,0,0,0,0,2.0,1,0,2.926,473566.0,0,2,1,0.0,1.3292
CA,37.2496346,-121.9665932,1.6219,5.3315,-3.7507,-3.7507,5,2,10000000,1,1,0,0,0,0,semiconductor,0,0,0,0,0,0,0,0,0,1,1,0,1,0,0,0,3.0,1,0,3.7096,5000000.0,1,1,1,0.0,0.9378
CA,37.441537,-122.158332,1.1644,4.7973,2.326,6.9041,18,3,67000000,5,1,0,0,0,0,transportation,0,0,0,0,0,0,0,0,0,1,0,0,1,1,1,0,2.6667,1,0,3.6329,22333333.333333332,3,0,1,4.578099999999999,3.7521
CA,37.5068854,-122.2475729,0.337,5.2301,4.1726,5.7205,13,4,53000000,3,1,0,0,0,0,analytics,0,0,0,0,0,0,0,0,0,1,0,1,1,1,1,0,4.5,1,0,4.8931000000000004,13250000.0,3,1,1,1.5479000000000003,2.4856
CA,34.050451,-118.437775,0.4658,1.2247,0.0,1.2247,5,2,300000,2,1,0,0,0,0,games_video,0,0,0,0,0,1,0,0,0,0,0,1,0,1,0,0,2.0,1,1,0.7588999999999999,150000.0,1,1,1,1.2247,4.0826
CA,37.441537,-122.158332,5.6685,8.5014,6.7534,8.0932,4,3,1400000,2,1,0,0,0,0,software,1,0,0,0,0,0,0,0,0,0,0,1,0,0,0,0,1.0,0,0,2.8329000000000004,466666.6666666667,0,1,1,1.3397999999999994,0.4705
CA,37.76179550000001,-122.4092704,2.9178,4.2548,2.0027,7.1699,4,2,6500000,3,1,0,0,0,0,web,0,1,0,0,0,0,0,0,0,0,0,0,1,0,0,0,7.0,1,0,1.3370000000000002,3250000.0,1,0,1,5.1672,0.9401
CA,37.79287100000001,-122.400747,1.2795,1.2795,2.7041,3.5836,8,1,5000000,3,1,0,0,0,0,cleantech,0,0,0,0,0,0,0,0,0,1,0,0,1,0,0,0,1.0,1,0,0.0,5000000.0,1,0,1,0.8795000000000002,6.2524
WA,39.78373,-100.445882,2.9342,5.5342,3.9178,6.1973,6,2,9600000,2,0,0,0,0,1,enterprise,0,0,0,1,0,0,0,0,0,0,0,0,1,0,0,0,3.0,1,0,2.6,4800000.0,1,0,1,2.2795,1.0842
WA,47.631239,-122.16806,0.2466,7.4164,3.9178,10.9233,9,5,58200000,3,0,0,0,0,1,mobile,0,0,1,0,0,0,0,0,0,0,0,0,1,1,1,1,1.4,1,0,7.1698,11640000.0,4,0,1,7.0055,1.2135
MA,42.49739,-71.416794,0.9151,3.7479,0.5808,4.8822,14,3,28000000,2,0,0,1,0,0,network_hosting,0,0,0,0,0,0,0,0,0,1,0,0,1,1,1,0,2.6667,1,0,2.8327999999999998,9333333.333333334,3,0,1,4.3014,3.7354
TX,33.017317,-96.837682,4.7479,5.2301,5.8548,7.7562,10,2,30000000,3,0,0,0,1,0,network_hosting,0,0,0,0,0,0,0,0,0,1,1,0,0,0,0,0,1.0,0,0,0.48220000000000063,15000000.0,0,1,1,1.9013999999999998,1.912
CA,34.007967,-118.489681,1.0,2.1644,4.3644,5.3342,10,2,3500000,2,1,0,0,0,0,games_video,0,0,0,0,0,1,0,0,0,0,0,1,1,0,0,0,2.0,0,0,1.1644,1750000.0,1,1,1,0.9698000000000002,4.6202
MA,42.337037,-71.25174799999998,0.0849,0.0849,-1.0,0.1342,7,1,16700000,2,0,0,1,0,0,web,0,1,0,0,0,0,0,0,0,0,0,0,1,0,0,0,4.0,0,1,0.0,16700000.0,1,0,1,1.1342,14.0
AZ,33.414414,-111.909447,11.1452,11.1452,0.0,0.0,0,1,18000000,0,0,0,0,0,1,semiconductor,0,0,0,0,0,0,0,0,0,1,0,0,0,1,0,0,7.0,1,1,0.0,18000000.0,1,0,0,0.0,0.0
CA,37.36883,-122.03635,7.537000000000001,7.537000000000001,7.0055,7.0055,6,1,15000000,1,1,0,0,0,0,medical,0,0,0,0,0,0,0,0,0,1,0,0,0,0,0,1,6.0,1,0,0.0,15000000.0,1,0,1,0.0,0.7961
CA,37.3767076,-121.997483,3.9178,3.9178,0.0,0.0,2,2,12000000,0,1,0,0,0,0,hardware,0,0,0,0,0,0,0,0,0,1,0,0,1,1,0,0,4.0,1,1,0.0,6000000.0,2,0,0,0.0,0.5105
OH,41.678675,-83.51272800000002,1.2849,1.2849,0.0,0.0,1,1,15000,1,0,0,0,0,1,ecommerce,0,0,0,0,0,0,1,0,0,0,0,1,0,0,0,0,1.0,0,1,0.0,15000.0,0,1,1,0.0,0.7783
WA,47.603832,-122.330062,1.3096,1.3096,1.3096,2.8822,11,1,200000,3,0,0,0,0,1,news,0,0,0,0,0,0,0,0,0,1,1,0,0,0,0,0,1.0,0,0,0.0,200000.0,0,1,1,1.5726,8.3995
CA,33.158093,-117.350597,4.0274,4.0274,0.0,0.0,0,1,15000000,0,1,0,0,0,0,semiconductor,0,0,0,0,0,0,0,0,0,1,0,0,0,0,1,0,1.0,0,1,0.0,15000000.0,1,0,0,0.0,0.0
CA,37.779281,-122.419236,-0.0822,1.2301,0.3151,1.2986,4,2,1400000,2,1,0,0,0,0,enterprise,0,0,0,1,0,0,0,0,0,0,0,1,0,0,0,0,3.0,0,0,1.3123,700000.0,0,1,1,0.9835,3.2518
NY,40.707645,-74.010816,-0.8658,6.1233,5.0027,5.0027,5,4,11400000,1,0,1,0,0,0,enterprise,0,0,0,1,0,0,0,0,0,0,1,0,0,1,0,0,3.0,1,1,6.9891000000000005,2850000.0,1,1,1,0.0,0.8166
TX,30.269004,-97.740395,0.0,2.7205,1.0027,5.9479,4,4,3800000,4,0,0,0,1,0,messaging,0,0,0,0,0,0,0,0,0,1,0,1,1,0,0,0,4.75,1,0,2.7205,950000.0,1,1,1,4.9452,1.4703
CA,37.555962,-122.288006,4.4521,6.1151,6.5863,6.5863,3,2,10100000,1,1,0,0,0,0,software,1,0,0,0,0,0,0,0,0,0,1,0,0,0,1,0,3.0,1,0,1.6630000000000003,5050000.0,1,1,1,0.0,0.4906
CA,37.354469,-121.990433,4.0795,4.0795,0.0,0.0,0,1,4000000,0,1,0,0,0,0,software,1,0,0,0,0,0,0,0,0,0,0,0,0,1,0,0,6.0,1,1,0.0,4000000.0,1,0,0,0.0,0.0
CA,37.552262,-122.292146,1.9562,1.9562,1.9562,2.0027,11,1,3011408,3,1,0,0,0,0,software,1,0,0,0,0,0,0,0,0,0,0,0,0,1,0,0,1.0,1,0,0.0,3011408.0,1,0,1,0.046499999999999986,5.6231
CA,37.551882,-122.313472,9.7315,9.7315,6.0027,6.0027,2,1,8000000,1,1,0,0,0,0,software,1,0,0,0,0,0,0,0,0,0,1,0,0,0,0,0,3.0,1,1,0.0,8000000.0,0,1,1,0.0,0.2055
CA,37.566009,-122.321646,0.0,2.8795,2.3397,2.3397,15,2,12700000,1,1,0,0,0,0,analytics,0,0,0,0,0,0,0,0,0,1,0,0,1,0,0,0,1.5,1,0,2.8795,6350000.0,1,0,1,0.0,5.2092
CA,33.831671,-118.315766,0.0,0.0,0.3342,3.2219,5,1,300000,4,1,0,0,0,0,public_relations,0,0,0,0,0,0,0,0,0,1,0,1,0,0,0,0,2.0,0,1,0.0,300000.0,0,1,1,2.8877,10.0
CA,37.755068,-122.418026,0.0,0.0,-1.8027,-0.0959,21,1,5675000,2,1,0,0,0,0,web,0,1,0,0,0,0,0,0,0,0,1,0,0,0,0,0,4.0,1,0,0.0,5675000.0,0,1,1,1.7067999999999999,42.0
CA,33.615663399999995,-111.8931647,4.0877,4.0877,4.6685,5.1863,13,1,1000000,2,1,0,0,0,0,advertising,0,0,0,0,1,0,0,0,0,0,0,1,0,0,0,0,5.0,1,0,0.0,1000000.0,0,1,1,0.5178000000000003,3.1803
FL,28.66677,-81.392794,0.0,0.0,0.0,0.0,2,1,125000,0,0,0,0,0,1,enterprise,0,0,0,1,0,0,0,0,0,0,0,1,0,0,0,0,1.0,0,1,0.0,125000.0,0,1,0,0.0,4.0
CT,39.364504,-84.247556,0.2247,0.9534,0.5808,1.0685,2,2,700000,2,0,0,0,0,1,web,0,1,0,0,0,0,0,0,0,0,0,1,0,0,0,0,2.5,0,1,0.7287,350000.0,0,1,1,0.4877,2.0978
WA,47.603832,-122.330062,0.2521,0.6438,1.2685,1.7479,6,2,532000,2,0,0,0,0,1,enterprise,0,0,0,1,0,0,0,0,0,0,0,1,0,0,0,0,5.0,1,0,0.39170000000000005,266000.0,0,1,1,0.47940000000000005,9.3197
CA,37.445326,-122.160671,0.2137,2.2137,4.6301,5.5534,8,2,8500000,3,1,0,0,0,0,web,0,1,0,0,0,0,0,0,0,0,0,0,1,1,0,0,1.0,1,0,1.9999999999999998,4250000.0,2,0,1,0.9233000000000002,3.6139
WA,47.602416,-122.332614,3.5699,3.5699,5.8795,9.3808,2,1,9400000,3,0,0,0,0,1,network_hosting,0,0,0,0,0,0,0,0,0,1,0,0,0,1,0,0,1.0,1,0,0.0,9400000.0,1,0,1,3.5013000000000005,0.5602
RI,41.818712,-71.411775,-1.0,2.2493,1.7479,1.7479,3,2,350000,1,0,0,0,0,1,mobile,0,0,1,0,0,0,0,0,0,0,0,1,0,0,0,0,1.0,1,1,3.2493,175000.0,0,1,1,0.0,1.3337
NY,40.643438,-73.886452,1.1671,3.2110000000000003,0.7534,2.8110000000000004,16,2,12300000,3,0,1,0,0,0,enterprise,0,0,0,1,0,0,0,0,0,0,0,0,0,1,1,0,1.5,1,0,2.0439000000000003,6150000.0,2,0,1,2.0576000000000003,4.9829
MA,42.599814,-71.367284,1.5753,5.9589,4.4164,4.4164,6,5,25413298,1,0,0,1,0,0,network_hosting,0,0,0,0,0,0,0,0,0,1,1,0,1,1,0,0,3.0,1,0,4.3835999999999995,5082659.6,2,1,1,0.0,1.0069
CA,37.779281,-122.419236,0.4329,1.126,2.6904,3.5397,23,2,9800000,2,1,0,0,0,0,news,0,0,0,0,0,0,0,0,0,1,0,1,1,0,0,0,4.5,1,0,0.6930999999999998,4900000.0,1,1,1,0.8492999999999999,20.4263
CA,37.779281,-122.419236,-0.3288,0.337,0.4082,0.8712,5,2,1015000,2,1,0,0,0,0,games_video,0,0,0,0,0,1,0,0,0,0,0,1,0,0,0,0,5.0,1,1,0.6658,507500.0,0,1,1,0.46299999999999997,10.0
CO,40.011355,-105.274166,0.0,3.4712,0.0,1.9123,4,5,10000003,2,0,0,0,0,1,enterprise,0,0,0,1,0,0,0,0,0,0,1,0,1,1,0,0,1.5,1,0,3.4712,2000000.6,2,1,1,1.9123,1.1523
IL,41.916619,-87.686634,0.7699,2.8548,-0.4329,2.8521,3,2,1750000,2,0,0,0,0,1,travel,0,0,0,0,0,0,0,0,0,1,1,1,0,0,0,0,1.0,1,0,2.0849,875000.0,0,2,1,3.285,1.0509
CA,37.779281,-122.419236,0.9397,0.9397,1.4959,3.8164,4,1,100000,2,1,0,0,0,0,messaging,0,0,0,0,0,0,0,0,0,1,0,1,0,0,0,0,3.0,1,0,0.0,100000.0,0,1,1,2.3205,4.2567
CA,37.441537,-122.158332,1.926,1.926,1.6685,2.4658,1,1,12000000,2,1,0,0,0,0,software,1,0,0,0,0,0,0,0,0,0,1,0,0,0,0,0,2.0,1,0,0.0,12000000.0,0,1,1,0.7973000000000001,0.5192
NY,40.730646,-73.986614,0.3178,0.6795,0.7945,2.8521,16,2,11450000,3,0,1,0,0,0,messaging,0,0,0,0,0,0,0,0,0,1,0,1,0,1,0,0,8.5,1,0,0.36169999999999997,5725000.0,1,1,1,2.0576,23.5467
CA,37.7611016,-122.4160008,0.6685,0.6685,-0.9151,0.863,7,1,50000,2,1,0,0,0,0,advertising,0,0,0,0,1,0,0,0,0,0,0,1,0,0,0,0,3.0,0,1,0.0,50000.0,0,1,1,1.7781,10.4712
CA,37.381876,-121.95993,2.5808,2.5808,3.0027,4.6082,4,1,20000000,2,1,0,0,0,0,software,1,0,0,0,0,0,0,0,0,0,0,0,0,1,0,0,4.0,1,1,0.0,20000000.0,1,0,1,1.6055000000000001,1.5499
TX,30.265927,-97.783642,2.9671,3.7151,6.9671,8.3342,16,2,42500000,3,0,0,0,1,0,public_relations,0,0,0,0,0,0,0,0,0,1,0,0,0,0,1,1,5.5,1,0,0.7480000000000002,21250000.0,2,0,1,1.3670999999999989,4.3067
CA,33.916552,-118.397491,0.0,2.3479,0.0,5.1616,7,3,22487000,2,1,0,0,0,0,semiconductor,0,0,0,0,0,0,0,0,0,1,1,0,0,1,1,0,2.3333,1,0,2.3479,7495666.666666667,2,1,1,5.1616,2.9814
CA,37.5568425,-122.2884881,2.5342,2.5342,-1.2521,4.0493,3,1,7800000,2,1,0,0,0,0,software,1,0,0,0,0,0,0,0,0,0,1,0,0,0,0,0,2.0,1,0,0.0,7800000.0,0,1,1,5.301399999999999,1.1838
NJ,40.707045,-74.95600300000002,3.9726,10.2493,3.0,3.0,8,4,59000000,1,0,0,0,0,1,semiconductor,0,0,0,0,0,0,0,0,0,1,0,0,0,1,1,0,6.0,1,0,6.2767,14750000.0,2,0,1,0.0,0.7805
ID,43.493525,-112.040092,2.337,2.337,0.5808,2.3726,5,1,4000000,4,0,0,0,0,1,mobile,0,0,1,0,0,0,0,0,0,0,0,0,1,0,0,0,1.0,1,1,0.0,4000000.0,1,0,1,1.7917999999999998,2.1395
CA,32.901049,-117.192656,1.5452,4.5178,1.663,4.9178,6,4,71400000,3,1,0,0,0,0,cleantech,0,0,0,0,0,0,0,0,0,1,1,0,1,0,0,0,2.6667,1,0,2.9726000000000004,17850000.0,1,1,1,3.2547999999999995,1.3281
CA,37.779281,-122.419236,0.7918,4.3205,3.9753,3.9753,5,3,25500000,1,1,0,0,0,0,cleantech,0,0,0,0,0,0,0,0,0,1,0,0,1,1,0,0,2.6667,1,0,3.5287,8500000.0,2,0,1,0.0,1.1573
CA,39.78373,-100.445882,5.8603,7.6986,5.8603,7.6712,28,4,28932322,3,1,0,0,0,0,advertising,0,0,0,0,1,0,0,0,0,0,1,0,0,0,1,0,2.6667,1,0,1.8383000000000003,7233080.5,1,1,1,1.8109000000000002,3.637
CA,37.775196,-122.419204,0.9616,5.7151,6.0438,6.8849,18,6,35200000,3,1,0,0,0,0,analytics,0,0,0,0,0,0,0,0,0,1,1,0,1,1,1,0,2.3333,1,0,4.7535,5866666.666666667,3,1,1,0.8411,3.1496
MA,42.504817,-71.195611,5.2027,8.1178,8.0055,8.0055,2,2,10000000,1,0,0,1,0,0,public_relations,0,0,0,0,0,0,0,0,0,1,1,0,0,0,1,0,2.5,1,1,2.9151000000000007,5000000.0,1,1,1,0.0,0.2464
CA,37.428087700000006,-122.143368,0.7178,3.7068,0.537,3.6274,11,3,22100000,4,1,0,0,0,0,analytics,0,0,0,0,0,0,0,0,0,1,1,0,1,1,0,0,2.6667,1,0,2.989,7366666.666666667,2,1,1,3.0904000000000003,2.9675
MA,42.485093,-71.43284,3.0521,9.4767,1.0,1.0,4,5,33000000,1,0,0,1,0,0,mobile,0,0,1,0,0,0,0,0,0,0,1,0,0,1,1,1,2.0,1,0,6.4246,6600000.0,3,1,1,0.0,0.4221
CA,37.400115,-122.052208,6.2986,6.2986,6.0027,6.0027,9,1,15000000,1,1,0,0,0,0,biotech,0,0,0,0,0,0,0,1,0,0,0,0,0,0,0,0,3.0,1,0,0.0,15000000.0,0,0,1,0.0,1.4289
CA,37.2624049,-121.95770520000002,6.937,9.1589,6.0055,6.0055,6,3,13000000,1,1,0,0,0,0,mobile,0,0,1,0,0,0,0,0,0,0,0,0,0,0,0,1,3.0,1,0,2.221899999999999,4333333.333333333,1,0,1,0.0,0.6551
CA,37.293687,-121.934573,1.9671,3.1945,2.2493,2.2493,5,2,12800000,1,1,0,0,0,0,mobile,0,0,1,0,0,0,0,0,0,0,0,0,1,1,0,0,2.5,1,0,1.2274,6400000.0,2,0,1,0.0,1.5652
NY,40.73901,-73.997259,0.1671,3.7808,3.8356,6.1178,6,2,626096,3,0,1,0,0,0,mobile,0,0,1,0,0,0,0,0,0,0,1,0,1,0,0,0,1.0,1,1,3.6137,313048.0,1,1,1,2.2822,1.587
MA,42.3751,-71.105616,-0.1671,3.6493,4.1507,4.6849,12,4,20350000,3,0,0,1,0,0,analytics,0,0,0,0,0,0,0,0,0,1,0,1,1,1,0,0,3.75,1,0,3.8164000000000002,5087500.0,2,1,1,0.5342000000000002,3.2883
CA,37.404788,-121.940842,5.7836,5.7836,2.0027,2.0027,1,1,10000000,1,1,0,0,0,0,hardware,0,0,0,0,0,0,0,0,0,1,1,0,0,0,0,0,3.0,1,1,0.0,10000000.0,0,1,1,0.0,0.1729
CA,37.4210225,-122.1377411,0.5671,0.5671,0.5671,2.3534,5,1,425000,3,1,0,0,0,0,web,0,1,0,0,0,0,0,0,0,0,0,1,0,0,0,0,2.0,1,0,0.0,425000.0,0,1,1,1.7863000000000002,8.8168
CA,35.966068,-115.118671,5.3644,7.9781,5.2521,5.2521,5,3,37891054,1,1,0,0,0,0,semiconductor,0,0,0,0,0,0,0,0,0,1,1,0,0,1,1,0,3.0,1,0,2.6137000000000006,12630351.333333334,2,1,1,0.0,0.6267
CA,32.833501,-117.26162,1.0877,7.7616,6.8849,6.8849,9,5,40000000,1,1,0,0,0,0,mobile,0,0,1,0,0,0,0,0,0,0,1,0,1,1,1,0,4.0,1,0,6.6739,8000000.0,3,1,1,0.0,1.1596
CA,34.048857,-118.251343,0.7014,2.126,2.4027,4.0548,10,3,5550000,4,1,0,0,0,0,games_video,0,0,0,0,0,1,0,0,0,0,0,0,1,1,0,0,3.0,1,0,1.4245999999999999,1850000.0,2,0,1,1.6521000000000003,4.7037
CA,37.78699829999999,-122.400893,0.5808,0.5808,0.0,2.1315,3,1,770000,3,1,0,0,0,0,mobile,0,0,1,0,0,0,0,0,0,0,0,1,0,0,0,0,6.0,1,0,0.0,770000.0,0,1,1,2.1315,5.1653
TX,32.960431,-96.83026,0.1068,4.7342,0.0,0.0,0,4,19550000,0,0,0,0,1,0,consulting,0,0,0,0,0,0,0,0,1,0,1,0,1,0,0,0,1.0,1,1,4.627400000000001,4887500.0,1,1,0,0.0,0.0
CA,40.730646,-73.986614,1.4795,2.2521,2.2521,2.2521,6,2,4000000,1,1,0,0,0,0,web,0,1,0,0,0,0,0,0,0,0,1,0,0,0,0,0,1.0,0,0,0.7726,2000000.0,0,1,1,0.0,2.6642
VA,38.92719,-77.21696899999998,1.0849,5.8192,6.3507,9.4411,14,4,42000000,4,0,0,0,0,1,web,0,1,0,0,0,0,0,0,0,0,0,0,1,1,1,0,2.3333,1,0,4.7343,10500000.0,3,0,1,3.0904000000000007,2.4058
CO,39.6350086,-106.5213459,3.6548,3.6548,0.0,0.0,0,1,1900000,0,0,0,0,0,1,other,0,0,0,0,0,0,0,0,0,1,0,0,1,0,0,0,1.0,1,1,0.0,1900000.0,1,0,0,0.0,0.0
CA,33.570171,-117.710676,1.1781,2.7151,2.5178,3.6685,21,3,45039999,3,1,0,0,0,0,games_video,0,0,0,0,0,1,0,0,0,0,0,0,1,1,1,0,3.6667,1,0,1.5370000000000001,15013333.0,3,0,1,1.1507,7.7345
CA,37.779281,-122.419236,4.5315,4.5315,5.5288,5.5288,1,1,1310000,1,1,0,0,0,0,news,0,0,0,0,0,0,0,0,0,1,1,0,0,0,0,0,4.0,1,1,0.0,1310000.0,0,1,1,0.0,0.2207
OR,45.520247,-122.674195,7.0027,7.0027,7.6712,7.6712,3,1,3000000,1,0,0,0,0,1,hardware,0,0,0,0,0,0,0,0,0,1,0,0,1,0,0,0,3.0,0,0,0.0,3000000.0,1,0,1,0.0,0.4284
CA,37.504764,-122.259568,0.0,3.4548,2.0247,3.9753,9,4,36000000,3,1,0,0,0,0,software,1,0,0,0,0,0,0,0,0,0,0,0,1,1,1,1,3.0,1,0,3.4548,9000000.0,4,0,1,1.9505999999999997,2.6051
CA,37.445586,-122.161929,0.1644,0.1644,1.4822,1.4822,3,1,3000000,1,1,0,0,0,0,software,1,0,0,0,0,0,0,0,0,0,1,0,0,0,0,0,1.0,0,0,0.0,3000000.0,0,1,1,0.0,6.0
CA,37.7710177,-122.4025976,0.6685,0.6685,0.7973,5.2849,1,1,1300000,3,1,0,0,0,0,web,0,1,0,0,0,0,0,0,0,0,0,1,0,0,0,0,8.0,1,1,0.0,1300000.0,0,1,1,4.4876000000000005,1.4959
AR,34.748528,-92.287158,9.7534,9.7534,9.7534,9.7534,1,1,50000,1,0,0,0,0,1,software,1,0,0,0,0,0,0,0,0,0,1,0,0,0,0,0,1.0,0,1,0.0,50000.0,0,1,1,0.0,0.1025
NY,40.74406,-74.004592,6.2849,6.2849,5.7507,7.3068,15,1,6500000,3,0,1,0,0,0,web,0,1,0,0,0,0,0,0,0,0,0,0,1,0,0,0,8.0,1,0,0.0,6500000.0,1,0,1,1.5560999999999998,2.3867
MA,42.3751,-71.105616,0.6822,1.3096,0.3288,2.5945,5,2,4600000,2,0,0,1,0,0,advertising,0,0,0,0,1,0,0,0,0,0,0,1,1,0,0,0,9.0,1,0,0.6274000000000001,2300000.0,1,1,1,2.2657,3.818
MA,42.391389,-71.270987,2.1233,6.0192,2.0,6.5123,5,3,21900000,2,0,0,1,0,0,software,1,0,0,0,0,0,0,0,0,0,1,0,1,1,0,0,1.6667,1,0,3.8958999999999997,7300000.0,2,1,1,4.5123,0.8307
NY,40.730646,-73.986614,0.4904,0.4904,1.1808,1.1808,6,1,240000,1,0,1,0,0,0,games_video,0,0,0,0,0,1,0,0,0,0,0,1,0,0,0,0,2.0,1,0,0.0,240000.0,0,1,1,0.0,12.0
CA,32.9388917,-117.2398594,0.0,5.3014,5.0027,5.0027,17,4,34700000,1,1,0,0,0,0,software,1,0,0,0,0,0,0,0,0,0,1,0,1,1,0,0,2.25,1,0,5.3014,8675000.0,2,1,1,0.0,3.2067
IL,41.808458,-88.073008,1.2274,5.8712,3.6466,6.6959,4,4,33000000,2,0,0,0,0,1,software,1,0,0,0,0,0,0,0,0,0,1,0,1,1,1,0,5.3333,1,0,4.6438,8250000.0,3,1,1,3.0493,0.6813
NY,40.7908157,-73.9722939,1.3014,2.4685,0.0,2.4685,3,2,1800000,2,0,1,0,0,0,education,0,0,0,0,0,0,0,0,0,1,1,1,0,0,0,0,5.0,1,1,1.1671000000000002,900000.0,0,2,1,2.4685,1.2153
CO,40.01621,-105.28131,0.0,3.6548,3.1507,5.3123,14,3,27300000,4,0,0,0,0,1,advertising,0,0,0,0,1,0,0,0,0,0,0,0,1,1,1,0,3.0,1,0,3.6548,9100000.0,3,0,1,2.1615999999999995,3.8306
CA,37.440682,-122.123103,3.1342,5.2521,3.1342,3.5425,6,2,6760000,2,1,0,0,0,0,web,0,1,0,0,0,0,0,0,0,0,1,0,0,0,0,0,1.5,1,1,2.1179000000000006,3380000.0,0,1,1,0.4083000000000001,1.1424
CA,37.31679000000001,-122.05079,0.0,6.4986,0.337,10.0082,24,3,26914000,3,1,0,0,0,0,software,1,0,0,0,0,0,0,0,0,0,0,0,1,1,1,0,6.0,1,0,6.4986,8971333.333333334,3,0,1,9.6712,3.6931
CA,37.354469,-121.990433,3.7562,3.7562,0.0,0.0,1,1,27500000,0,1,0,0,0,0,semiconductor,0,0,0,0,0,0,0,0,0,1,0,0,0,0,1,0,7.0,1,0,0.0,27500000.0,1,0,0,0.0,0.2662
TX,29.758938,-95.367697,4.2795,4.2795,0.0,0.0,4,1,9000000,0,0,0,0,1,0,other,0,0,0,0,0,0,0,0,0,1,0,0,0,0,0,1,2.0,1,1,0.0,9000000.0,1,0,0,0.0,0.9347
CA,37.336191,-121.890583,4.0356,4.0356,-7.0055,-7.0055,3,1,954000,1,1,0,0,0,0,public_relations,0,0,0,0,0,0,0,0,0,1,1,0,0,0,0,0,1.0,0,1,0.0,954000.0,0,1,1,0.0,0.7434
CA,59.3352318,18.0571206,5.3041,8.6247,0.0,0.0,4,3,53000000,0,1,0,0,0,0,semiconductor,0,0,0,0,0,0,0,0,0,1,0,0,0,0,1,1,4.6667,1,0,3.3206000000000007,17666666.666666668,2,0,0,0.0,0.4638
CA,37.563585,-122.324621,2.3315,6.6767,6.9589,8.9342,17,4,23100000,3,1,0,0,0,0,social,0,0,0,0,0,0,0,0,0,1,1,0,1,1,1,0,2.0,1,0,4.3452,5775000.0,3,1,1,1.9753000000000007,2.5462
CA,37.782809,-122.394354,1.0,6.4548,6.5342,7.0055,28,4,108900000,2,1,0,0,0,0,cleantech,0,0,0,0,0,0,0,0,0,1,0,0,1,1,1,0,7.5,1,0,5.4548,27225000.0,3,0,1,0.4712999999999994,4.3379
CA,37.3867729,-122.07522240000002,0.8329,3.937,3.4822,7.6658,26,4,55000000,5,1,0,0,0,0,web,0,1,0,0,0,0,0,0,0,0,0,0,1,1,1,1,2.75,1,0,3.1041,13750000.0,4,0,1,4.1836,6.604
NY,40.729839,-73.991781,1.0822,2.8548,1.611,4.5096,9,2,5686383,3,0,1,0,0,0,mobile,0,0,1,0,0,0,0,0,0,0,0,0,1,0,0,0,2.0,0,0,1.7726,2843191.5,1,0,1,2.8986,3.1526
CA,37.658713,-122.399382,4.4466,8.0849,6.5863,6.5863,4,6,49008830,1,1,0,0,0,0,biotech,0,0,0,0,0,0,0,1,0,0,1,0,1,0,1,0,3.0,1,1,3.638299999999999,8168138.333333333,2,1,1,0.0,0.4947
CA,37.780134,-122.396744,1.6055,3.5479,0.0,0.0,10,3,32200000,0,1,0,0,0,0,mobile,0,0,1,0,0,0,0,0,0,0,0,0,1,1,1,0,4.0,1,0,1.9424,10733333.333333334,3,0,0,0.0,2.8186
TX,29.739322,-95.444747,1.2904,1.2904,7.1233,7.1233,3,1,2000000,1,0,0,0,1,0,web,0,1,0,0,0,0,0,0,0,0,0,0,1,0,0,0,1.0,0,1,0.0,2000000.0,1,0,1,0.0,2.3249
NY,40.750519,-73.993494,3.2137,3.2137,3.0027,4.6219,5,1,2700000,2,0,1,0,0,0,games_video,0,0,0,0,0,1,0,0,0,0,0,0,1,0,0,0,2.0,1,0,0.0,2700000.0,1,0,1,1.6192000000000002,1.5558
WI,43.090756,-89.522805,5.1315,5.1315,3.1616,8.5123,6,1,2000000,2,0,0,0,0,1,advertising,0,0,0,0,1,0,0,0,0,0,0,0,1,0,0,0,2.0,0,1,0.0,2000000.0,1,0,1,5.3507,1.1692
NY,40.7429533,-73.98446109999998,0.0,3.9288,2.9151,5.7342,16,3,18000000,3,0,1,0,0,0,advertising,0,0,0,0,1,0,0,0,0,0,1,0,1,1,0,0,2.3333,1,0,3.9288,6000000.0,2,1,1,2.8191000000000006,4.0725
WA,47.802184,-122.196307,5.6301,8.7589,8.5041,8.7589,9,5,122500000,2,0,0,0,0,1,mobile,0,0,1,0,0,0,0,0,0,0,1,0,0,0,1,1,5.6,1,0,3.128800000000001,24500000.0,2,1,1,0.25480000000000125,1.0275
CA,37.7405936,-122.3764714,0.5178,0.5178,0.5808,4.526,9,1,1100000,2,1,0,0,0,0,advertising,0,0,0,0,1,0,0,0,0,0,0,0,1,0,0,0,6.0,1,0,0.0,1100000.0,1,0,1,3.9452,17.3812
MA,42.504817,-71.195611,7.2521,9.2274,6.0027,6.0027,1,3,52000000,1,0,0,1,0,0,security,0,0,0,0,0,0,0,0,0,1,1,0,0,1,0,0,2.6667,1,1,1.975299999999999,17333333.333333332,1,1,1,0.0,0.1084
CA,37.408261,-122.01592,8.4959,8.4959,9.0055,9.0055,5,1,44000000,1,1,0,0,0,0,biotech,0,0,0,0,0,0,0,1,0,0,0,0,0,0,0,1,8.0,1,1,0.0,44000000.0,1,0,1,0.0,0.5885
CA,37.556732,-122.288378,0.7589,2.8329,0.7589,3.8356,12,2,15500000,2,1,0,0,0,0,software,1,0,0,0,0,0,0,0,0,0,0,0,1,1,0,0,1.0,1,0,2.074,7750000.0,2,0,1,3.0766999999999998,4.2359
CA,37.386778,-121.966277,3.1205,3.1205,4.0027,4.0027,4,1,20000000,1,1,0,0,0,0,security,0,0,0,0,0,0,0,0,0,1,0,0,0,1,0,0,3.0,1,0,0.0,20000000.0,1,0,1,0.0,1.2818
